	id	author_id	book_name	book_url
0	0	1	Помню, я ещё младшенька была…	/wiki/%D0%9F%D0%BE%D0%BC%D0%BD%D1%8E,_%D1%8F_%D0%B5%D1%89%D1%91_%D0%BC%D0%BB%D0%B0%D0%B4%D1%88%D0%B5%D0%BD%D1%8C%D0%BA%D0%B0_%D0%B1%D1%8B%D0%BB%D0%B0
1	1	1	Ай вы, ветры, ветры буйные…	/wiki/%D0%90%D0%B9_%D0%B2%D1%8B,_%D0%B2%D0%B5%D1%82%D1%80%D1%8B,_%D0%B2%D0%B5%D1%82%D1%80%D1%8B_%D0%B1%D1%83%D0%B9%D0%BD%D1%8B%D0%B5
2	2	2	Ермак готовится к походу на Сибирь	/wiki/%D0%95%D1%80%D0%BC%D0%B0%D0%BA_%D0%B3%D0%BE%D1%82%D0%BE%D0%B2%D0%B8%D1%82%D1%81%D1%8F_%D0%BA_%D0%BF%D0%BE%D1%85%D0%BE%D0%B4%D1%83_%D0%BD%D0%B0_%D0%A1%D0%B8%D0%B1%D0%B8%D1%80%D1%8C
3	3	2	Пугачёв в темнице	/wiki/%D0%9F%D1%83%D0%B3%D0%B0%D1%87%D1%91%D0%B2_%D0%B2_%D1%82%D0%B5%D0%BC%D0%BD%D0%B8%D1%86%D0%B5
4	4	3	Два Ивана-солдатских сына	/wiki/%D0%9D%D0%B0%D1%80%D0%BE%D0%B4%D0%BD%D1%8B%D0%B5_%D1%80%D1%83%D1%81%D1%81%D0%BA%D0%B8%D0%B5_%D1%81%D0%BA%D0%B0%D0%B7%D0%BA%D0%B8_(%D0%90%D1%84%D0%B0%D0%BD%D0%B0%D1%81%D1%8C%D0%B5%D0%B2)/%D0%94%D0%B2%D0%B0_%D0%98%D0%B2%D0%B0%D0%BD%D0%B0_%D1%81%D0%BE%D0%BB%D0%B4%D0%B0%D1%82%D1%81%D0%BA%D0%B8%D1%85_%D1%81%D1%8B%D0%BD%D0%B0
5	5	3	Финист-Ясный Сокол	/wiki/%D0%A4%D0%B8%D0%BD%D0%B8%D1%81%D1%82_%E2%80%94_%D0%AF%D1%81%D0%BD%D1%8B%D0%B9_%D0%A1%D0%BE%D0%BA%D0%BE%D0%BB
6	6	3	Царевна-лягушка	/wiki/%D0%9D%D0%B0%D1%80%D0%BE%D0%B4%D0%BD%D1%8B%D0%B5_%D1%80%D1%83%D1%81%D1%81%D0%BA%D0%B8%D0%B5_%D1%81%D0%BA%D0%B0%D0%B7%D0%BA%D0%B8_(%D0%90%D1%84%D0%B0%D0%BD%D0%B0%D1%81%D1%8C%D0%B5%D0%B2)/%D0%A6%D0%B0%D1%80%D0%B5%D0%B2%D0%BD%D0%B0-%D0%BB%D1%8F%D0%B3%D1%83%D1%88%D0%BA%D0%B0
7	7	3	Марья Моревна	/wiki/%D0%9D%D0%B0%D1%80%D0%BE%D0%B4%D0%BD%D1%8B%D0%B5_%D1%80%D1%83%D1%81%D1%81%D0%BA%D0%B8%D0%B5_%D1%81%D0%BA%D0%B0%D0%B7%D0%BA%D0%B8_(%D0%90%D1%84%D0%B0%D0%BD%D0%B0%D1%81%D1%8C%D0%B5%D0%B2)/%D0%9C%D0%B0%D1%80%D1%8C%D1%8F_%D0%9C%D0%BE%D1%80%D0%B5%D0%B2%D0%BD%D0%B0
8	8	3	Бой на Калиновом мосту	/wiki/%D0%91%D0%BE%D0%B9_%D0%BD%D0%B0_%D0%9A%D0%B0%D0%BB%D0%B8%D0%BD%D0%BE%D0%B2%D0%BE%D0%BC_%D0%BC%D0%BE%D1%81%D1%82%D1%83
9	9	3	Каша из топора	/wiki/%D0%9A%D0%B0%D1%88%D0%B0_%D0%B8%D0%B7_%D1%82%D0%BE%D0%BF%D0%BE%D1%80%D0%B0
10	10	3	Василиса Прекрасная	/wiki/%D0%9D%D0%B0%D1%80%D0%BE%D0%B4%D0%BD%D1%8B%D0%B5_%D1%80%D1%83%D1%81%D1%81%D0%BA%D0%B8%D0%B5_%D1%81%D0%BA%D0%B0%D0%B7%D0%BA%D0%B8_(%D0%90%D1%84%D0%B0%D0%BD%D0%B0%D1%81%D1%8C%D0%B5%D0%B2)/%D0%92%D0%B0%D1%81%D0%B8%D0%BB%D0%B8%D1%81%D0%B0_%D0%9F%D1%80%D0%B5%D0%BA%D1%80%D0%B0%D1%81%D0%BD%D0%B0%D1%8F
11	11	5	Вольга и Микула Селянович	/wiki/%D0%92%D0%BE%D0%BB%D1%8C%D0%B3%D0%B0_%D0%B8_%D0%9C%D0%B8%D0%BA%D1%83%D0%BB%D0%B0_%D0%A1%D0%B5%D0%BB%D1%8F%D0%BD%D0%BE%D0%B2%D0%B8%D1%87
12	12	5	Илья Муромец и Соловей-разбойник	/wiki/%D0%98%D0%BB%D1%8C%D1%8F_%D0%9C%D1%83%D1%80%D0%BE%D0%BC%D0%B5%D1%86_%D0%B8_%D0%A1%D0%BE%D0%BB%D0%BE%D0%B2%D0%B5%D0%B9-%D1%80%D0%B0%D0%B7%D0%B1%D0%BE%D0%B9%D0%BD%D0%B8%D0%BA
13	13	5	Садко	/wiki/%D0%A1%D0%B0%D0%B4%D0%BA%D0%BE
14	14	5	Три поездки Ильи Муромца	
15	15	6	Сотворение земли	
16	16	6	Повесть временных лет	/wiki/%D0%9F%D0%BE%D0%B2%D0%B5%D1%81%D1%82%D1%8C_%D0%B2%D1%80%D0%B5%D0%BC%D0%B5%D0%BD%D0%BD%D1%8B%D1%85_%D0%BB%D0%B5%D1%82
17	17	6	Слово о разорении Рязани Батыем	
18	18	6	Житие Бориса и Глеба	
19	19	6	Поучение Владимира Мономаха	/wiki/%D0%9F%D0%BE%D1%83%D1%87%D0%B5%D0%BD%D0%B8%D0%B5_%D0%92%D0%BB%D0%B0%D0%B4%D0%B8%D0%BC%D0%B8%D1%80%D0%B0_%D0%9C%D0%BE%D0%BD%D0%BE%D0%BC%D0%B0%D1%85%D0%B0
20	20	6	Сказание о Петре и Февронии Муромских	
21	21	6	Житие протопопа Аввакума	/wiki/%D0%96%D0%B8%D1%82%D0%B8%D0%B5_%D0%BF%D1%80%D0%BE%D1%82%D0%BE%D0%BF%D0%BE%D0%BF%D0%B0_%D0%90%D0%B2%D0%B2%D0%B0%D0%BA%D1%83%D0%BC%D0%B0
22	22	6	Сказание о Кожемяке	
23	23	6	Сказание о Белгородском киселе	
24	24	6	Преподобный Сергий Радонежский	
25	25	7	Ода на день восшествия на престол Елисаветы Петровны	/wiki/%D0%9E%D0%B4%D0%B0_%D0%BD%D0%B0_%D0%B4%D0%B5%D0%BD%D1%8C_%D0%B2%D0%BE%D1%81%D1%88%D0%B5%D1%81%D1%82%D0%B2%D0%B8%D1%8F_%D0%BD%D0%B0_%D0%BF%D1%80%D0%B5%D1%81%D1%82%D0%BE%D0%BB_%D0%95%D0%BB%D0%B8%D1%81%D0%B0%D0%B2%D0%B5%D1%82%D1%8B_%D0%9F%D0%B5%D1%82%D1%80%D0%BE%D0%B2%D0%BD%D1%8B
26	26	7	Вечернее размышление о Божием величестве при случае великого северного сияния	/wiki/%D0%92%D0%B5%D1%87%D0%B5%D1%80%D0%BD%D0%B5%D0%B5_%D1%80%D0%B0%D0%B7%D0%BC%D1%8B%D1%88%D0%BB%D0%B5%D0%BD%D0%B8%D0%B5_%D0%BE_%D0%91%D0%BE%D0%B6%D0%B8%D0%B5%D0%BC_%D0%B2%D0%B5%D0%BB%D0%B8%D1%87%D0%B5%D1%81%D1%82%D0%B2%D0%B5_%D0%BF%D1%80%D0%B8_%D1%81%D0%BB%D1%83%D1%87%D0%B0%D0%B5_%D0%B2%D0%B5%D0%BB%D0%B8%D0%BA%D0%BE%D0%B3%D0%BE_%D1%81%D0%B5%D0%B2%D0%B5%D1%80%D0%BD%D0%BE%D0%B3%D0%BE_%D1%81%D0%B8%D1%8F%D0%BD%D0%B8%D1%8F
27	27	7	Разговор с Анакреонтом	/wiki/%D0%A0%D0%B0%D0%B7%D0%B3%D0%BE%D0%B2%D0%BE%D1%80_%D1%81_%D0%90%D0%BD%D0%B0%D0%BA%D1%80%D0%B5%D0%BE%D0%BD%D1%82%D0%BE%D0%BC
28	28	7	Случились вместе два астронома в пиру	/wiki/%D0%A1%D0%BB%D1%83%D1%87%D0%B8%D0%BB%D0%B8%D1%81%D1%8C_%D0%B2%D0%BC%D0%B5%D1%81%D1%82%D0%B5_%D0%B4%D0%B2%D0%B0_%D0%B0%D1%81%D1%82%D1%80%D0%BE%D0%BD%D0%BE%D0%BC%D0%B0_%D0%B2_%D0%BF%D0%B8%D1%80%D1%83
29	29	7	К статуе Петра Великого	/wiki/%D0%9A_%D1%81%D1%82%D0%B0%D1%82%D1%83%D0%B5_%D0%9F%D0%B5%D1%82%D1%80%D0%B0_%D0%92%D0%B5%D0%BB%D0%B8%D0%BA%D0%BE%D0%B3%D0%BE
30	30	8	Властителям и судиям	/wiki/%D0%92%D0%BB%D0%B0%D1%81%D1%82%D0%B8%D1%82%D0%B5%D0%BB%D1%8F%D0%BC_%D0%B8_%D1%81%D1%83%D0%B4%D0%B8%D1%8F%D0%BC
31	31	8	Снигирь	/wiki/%D0%A1%D0%BD%D0%B8%D0%B3%D0%B8%D1%80%D1%8C
32	32	8	Признание	/wiki/%D0%9F%D1%80%D0%B8%D0%B7%D0%BD%D0%B0%D0%BD%D0%B8%D0%B5_(%D0%94%D0%B5%D1%80%D0%B6%D0%B0%D0%B2%D0%B8%D0%BD)
33	33	8	На птичку	/wiki/%D0%9D%D0%B0_%D0%BF%D1%82%D0%B8%D1%87%D0%BA%D1%83
34	34	8	Памятник	/wiki/%D0%9F%D0%B0%D0%BC%D1%8F%D1%82%D0%BD%D0%B8%D0%BA_(%D0%94%D0%B5%D1%80%D0%B6%D0%B0%D0%B2%D0%B8%D0%BD)
35	35	8	Река времён в своём стремленьи	/wiki/%D0%A0%D0%B5%D0%BA%D0%B0_%D0%B2%D1%80%D0%B5%D0%BC%D1%91%D0%BD_%D0%B2_%D1%81%D0%B2%D0%BE%D1%91%D0%BC_%D1%81%D1%82%D1%80%D0%B5%D0%BC%D0%BB%D0%B5%D0%BD%D1%8C%D0%B8
36	36	11	Осень	/wiki/%D0%9E%D1%81%D0%B5%D0%BD%D1%8C_(%D0%9A%D0%B0%D1%80%D0%B0%D0%BC%D0%B7%D0%B8%D0%BD)
37	37	12	Ворона и Лисица	/wiki/%D0%92%D0%BE%D1%80%D0%BE%D0%BD%D0%B0_%D0%B8_%D0%9B%D0%B8%D1%81%D0%B8%D1%86%D0%B0_(%D0%9A%D1%80%D1%8B%D0%BB%D0%BE%D0%B2)
38	38	12	Квартет	/wiki/%D0%9A%D0%B2%D0%B0%D1%80%D1%82%D0%B5%D1%82
39	39	12	Лебедь, рак и щука	/wiki/%D0%9B%D0%B5%D0%B1%D0%B5%D0%B4%D1%8C,_%D0%A9%D1%83%D0%BA%D0%B0_%D0%B8_%D0%A0%D0%B0%D0%BA_(%D0%9A%D1%80%D1%8B%D0%BB%D0%BE%D0%B2)
40	40	12	Свинья под дубом	/wiki/%D0%A1%D0%B2%D0%B8%D0%BD%D1%8C%D1%8F_%D0%BF%D0%BE%D0%B4_%D0%B4%D1%83%D0%B1%D0%BE%D0%BC
41	41	12	Волк и Ягнёнок	/wiki/%D0%92%D0%BE%D0%BB%D0%BA_%D0%B8_%D0%AF%D0%B3%D0%BD%D1%91%D0%BD%D0%BE%D0%BA_(%D0%9A%D1%80%D1%8B%D0%BB%D0%BE%D0%B2)
42	42	12	Демьянова уха	/wiki/%D0%94%D0%B5%D0%BC%D1%8C%D1%8F%D0%BD%D0%BE%D0%B2%D0%B0_%D1%83%D1%85%D0%B0
43	43	12	Лжец	/wiki/%D0%9B%D0%B6%D0%B5%D1%86
44	44	12	Любопытный	/wiki/%D0%9B%D1%8E%D0%B1%D0%BE%D0%BF%D1%8B%D1%82%D0%BD%D1%8B%D0%B9_(%D0%9A%D1%80%D1%8B%D0%BB%D0%BE%D0%B2)
45	45	12	Две бочки	/wiki/%D0%94%D0%B2%D0%B5_%D0%B1%D0%BE%D1%87%D0%BA%D0%B8
46	46	12	Волк на псарне	/wiki/%D0%92%D0%BE%D0%BB%D0%BA_%D0%BD%D0%B0_%D0%BF%D1%81%D0%B0%D1%80%D0%BD%D0%B5
47	47	12	Осёл и соловей	/wiki/%D0%9E%D1%81%D1%91%D0%BB_%D0%B8_%D1%81%D0%BE%D0%BB%D0%BE%D0%B2%D0%B5%D0%B9
48	48	12	Лягушки, просящие царя	/wiki/%D0%9B%D1%8F%D0%B3%D1%83%D1%88%D0%BA%D0%B8,_%D0%BF%D1%80%D0%BE%D1%81%D1%8F%D1%89%D0%B8%D0%B5_%D1%86%D0%B0%D1%80%D1%8F
49	49	12	Слон и Моська	/wiki/%D0%A1%D0%BB%D0%BE%D0%BD_%D0%B8_%D0%9C%D0%BE%D1%81%D1%8C%D0%BA%D0%B0
50	50	12	Петух и Жемчужное зерно	/wiki/%D0%9F%D0%B5%D1%82%D1%83%D1%85_%D0%B8_%D0%96%D0%B5%D0%BC%D1%87%D1%83%D0%B6%D0%BD%D0%BE%D0%B5_%D0%B7%D0%B5%D1%80%D0%BD%D0%BE
51	51	13	По горам две хмурых тучи	/wiki/%D0%9F%D0%BE_%D0%B3%D0%BE%D1%80%D0%B0%D0%BC_%D0%B4%D0%B2%D0%B5_%D1%85%D0%BC%D1%83%D1%80%D1%8B%D1%85_%D1%82%D1%83%D1%87%D0%B8
52	52	14	Светлана	/wiki/%D0%A1%D0%B2%D0%B5%D1%82%D0%BB%D0%B0%D0%BD%D0%B0_(%D0%96%D1%83%D0%BA%D0%BE%D0%B2%D1%81%D0%BA%D0%B8%D0%B9)
53	53	14	Кубок	/wiki/%D0%9A%D1%83%D0%B1%D0%BE%D0%BA_(%D0%A8%D0%B8%D0%BB%D0%BB%D0%B5%D1%80;_%D0%96%D1%83%D0%BA%D0%BE%D0%B2%D1%81%D0%BA%D0%B8%D0%B9)
54	54	14	Спящая царевна	/wiki/%D0%A1%D0%BF%D1%8F%D1%89%D0%B0%D1%8F_%D1%86%D0%B0%D1%80%D0%B5%D0%B2%D0%BD%D0%B0_(%D0%96%D1%83%D0%BA%D0%BE%D0%B2%D1%81%D0%BA%D0%B8%D0%B9)
55	55	14	Лесной царь	/wiki/%D0%9B%D0%B5%D1%81%D0%BD%D0%BE%D0%B9_%D1%86%D0%B0%D1%80%D1%8C_(%D0%93%D1%91%D1%82%D0%B5;_%D0%96%D1%83%D0%BA%D0%BE%D0%B2%D1%81%D0%BA%D0%B8%D0%B9)
56	56	14	Перчатка	/wiki/%D0%9F%D0%B5%D1%80%D1%87%D0%B0%D1%82%D0%BA%D0%B0_(%D0%96%D1%83%D0%BA%D0%BE%D0%B2%D1%81%D0%BA%D0%B8%D0%B9)
57	57	14	Сельское кладбище	/wiki/%D0%A1%D0%B5%D0%BB%D1%8C%D1%81%D0%BA%D0%BE%D0%B5_%D0%BA%D0%BB%D0%B0%D0%B4%D0%B1%D0%B8%D1%89%D0%B5_(%D0%93%D1%80%D0%B5%D0%B9;_%D0%96%D1%83%D0%BA%D0%BE%D0%B2%D1%81%D0%BA%D0%B8%D0%B9,_1839)
58	58	14	Приход весны	/wiki/%D0%9F%D1%80%D0%B8%D1%85%D0%BE%D0%B4_%D0%B2%D0%B5%D1%81%D0%BD%D1%8B_(%D0%96%D1%83%D0%BA%D0%BE%D0%B2%D1%81%D0%BA%D0%B8%D0%B9)
59	59	15	Горе от ума	/wiki/%D0%93%D0%BE%D1%80%D0%B5_%D0%BE%D1%82_%D1%83%D0%BC%D0%B0_(%D0%93%D1%80%D0%B8%D0%B1%D0%BE%D0%B5%D0%B4%D0%BE%D0%B2)
60	60	16	Косарь	/wiki/%D0%9A%D0%BE%D1%81%D0%B0%D1%80%D1%8C_(%D0%9A%D0%BE%D0%BB%D1%8C%D1%86%D0%BE%D0%B2)
61	61	16	Разлука	/wiki/%D0%A0%D0%B0%D0%B7%D0%BB%D1%83%D0%BA%D0%B0_(%D0%9A%D0%BE%D0%BB%D1%8C%D1%86%D0%BE%D0%B2)
62	62	17	Весна, весна!..	/wiki/%D0%92%D0%B5%D1%81%D0%BD%D0%B0,_%D0%B2%D0%B5%D1%81%D0%BD%D0%B0!..
63	63	17	Чудный град	/wiki/%D0%A7%D1%83%D0%B4%D0%BD%D1%8B%D0%B9_%D0%B3%D1%80%D0%B0%D0%B4_%D0%BF%D0%BE%D1%80%D0%BE%D0%B9_%D1%81%D0%BE%D0%BB%D1%8C%D1%91%D1%82%D1%81%D1%8F_(%D0%91%D0%BE%D1%80%D0%B0%D1%82%D1%8B%D0%BD%D1%81%D0%BA%D0%B8%D0%B9)
64	64	20	Повести Белкина	/wiki/%D0%9F%D0%BE%D0%B2%D0%B5%D1%81%D1%82%D0%B8_%D0%91%D0%B5%D0%BB%D0%BA%D0%B8%D0%BD%D0%B0
65	65	20	Метель	/wiki/%D0%9C%D0%B5%D1%82%D0%B5%D0%BB%D1%8C_(%D0%9F%D1%83%D1%88%D0%BA%D0%B8%D0%BD)
66	66	20	Станционный смотритель	/wiki/%D0%A1%D1%82%D0%B0%D0%BD%D1%86%D0%B8%D0%BE%D0%BD%D0%BD%D1%8B%D0%B9_%D1%81%D0%BC%D0%BE%D1%82%D1%80%D0%B8%D1%82%D0%B5%D0%BB%D1%8C
67	67	20	Выстрел	/wiki/%D0%92%D1%8B%D1%81%D1%82%D1%80%D0%B5%D0%BB
68	68	20	Гробовщик	/wiki/%D0%93%D1%80%D0%BE%D0%B1%D0%BE%D0%B2%D1%89%D0%B8%D0%BA
69	69	20	Барышня-крестьянка	/wiki/%D0%91%D0%B0%D1%80%D1%8B%D1%88%D0%BD%D1%8F-%D0%BA%D1%80%D0%B5%D1%81%D1%82%D1%8C%D1%8F%D0%BD%D0%BA%D0%B0
70	70	20	Дубровский	/wiki/%D0%94%D1%83%D0%B1%D1%80%D0%BE%D0%B2%D1%81%D0%BA%D0%B8%D0%B9
71	71	20	Капитанская дочка	/wiki/%D0%9A%D0%B0%D0%BF%D0%B8%D1%82%D0%B0%D0%BD%D1%81%D0%BA%D0%B0%D1%8F_%D0%B4%D0%BE%D1%87%D0%BA%D0%B0
72	72	20	Руслан и Людмила	/wiki/%D0%A0%D1%83%D1%81%D0%BB%D0%B0%D0%BD_%D0%B8_%D0%9B%D1%8E%D0%B4%D0%BC%D0%B8%D0%BB%D0%B0
73	73	20	Полтава	/wiki/%D0%9F%D0%BE%D0%BB%D1%82%D0%B0%D0%B2%D0%B0
74	74	20	Медный всадник	/wiki/%D0%9C%D0%B5%D0%B4%D0%BD%D1%8B%D0%B9_%D0%B2%D1%81%D0%B0%D0%B4%D0%BD%D0%B8%D0%BA_(%D0%9F%D1%83%D1%88%D0%BA%D0%B8%D0%BD)
75	75	20	Евгений Онегин	/wiki/%D0%95%D0%B2%D0%B3%D0%B5%D0%BD%D0%B8%D0%B9_%D0%9E%D0%BD%D0%B5%D0%B3%D0%B8%D0%BD
76	76	20	Борис Годунов	/wiki/%D0%91%D0%BE%D1%80%D0%B8%D1%81_%D0%93%D0%BE%D0%B4%D1%83%D0%BD%D0%BE%D0%B2_(%D0%9F%D1%83%D1%88%D0%BA%D0%B8%D0%BD)
77	77	20	Пушкину	/wiki/%D0%92._%D0%9B._%D0%9F%D1%83%D1%88%D0%BA%D0%B8%D0%BD%D1%83_(%D0%9F%D1%83%D1%88%D0%BA%D0%B8%D0%BD)
78	78	20	Зимнее утро	/wiki/%D0%97%D0%B8%D0%BC%D0%BD%D0%B5%D0%B5_%D1%83%D1%82%D1%80%D0%BE
79	79	20	Зимний вечер	/wiki/%D0%97%D0%B8%D0%BC%D0%BD%D0%B8%D0%B9_%D0%B2%D0%B5%D1%87%D0%B5%D1%80
80	80	20	Узник	/wiki/%D0%A3%D0%B7%D0%BD%D0%B8%D0%BA_(%D0%9F%D1%83%D1%88%D0%BA%D0%B8%D0%BD)
81	81	20	Песнь о вещем Олеге	/wiki/%D0%9F%D0%B5%D1%81%D0%BD%D1%8C_%D0%BE_%D0%B2%D0%B5%D1%89%D0%B5%D0%BC_%D0%9E%D0%BB%D0%B5%D0%B3%D0%B5
82	82	20	Я вас любил	/wiki/%D0%AF_%D0%B2%D0%B0%D1%81_%D0%BB%D1%8E%D0%B1%D0%B8%D0%BB_(%D0%9F%D1%83%D1%88%D0%BA%D0%B8%D0%BD)
83	83	20	Я помню чудное мгновенье	/wiki/%D0%9A_***_%D0%9A%D0%B5%D1%80%D0%BD_(%D0%9F%D1%83%D1%88%D0%BA%D0%B8%D0%BD)
84	84	20	Анчар	/wiki/%D0%90%D0%BD%D1%87%D0%B0%D1%80
85	85	20	Вновь я посетил	/wiki/%D0%92%D0%BD%D0%BE%D0%B2%D1%8C_%D1%8F_%D0%BF%D0%BE%D1%81%D0%B5%D1%82%D0%B8%D0%BB
86	86	20	Птичка	/wiki/%D0%9F%D1%82%D0%B8%D1%87%D0%BA%D0%B0_(%D0%9F%D1%83%D1%88%D0%BA%D0%B8%D0%BD)
87	87	20	Туча	/wiki/%D0%A2%D1%83%D1%87%D0%B0_(%D0%9F%D1%83%D1%88%D0%BA%D0%B8%D0%BD)
88	88	20	Ещё дуют холодные ветры	/wiki/%D0%95%D1%89%D1%91_%D0%B4%D1%83%D1%8E%D1%82_%D1%85%D0%BE%D0%BB%D0%BE%D0%B4%D0%BD%D1%8B%D0%B5_%D0%B2%D0%B5%D1%82%D1%80%D1%8B
89	89	20	Бесы	/wiki/%D0%91%D0%B5%D1%81%D1%8B_(%D0%9F%D1%83%D1%88%D0%BA%D0%B8%D0%BD)
90	90	20	Жених	/wiki/%D0%96%D0%B5%D0%BD%D0%B8%D1%85_(%D0%9F%D1%83%D1%88%D0%BA%D0%B8%D0%BD)
91	91	20	Зимняя дорога	/wiki/%D0%97%D0%B8%D0%BC%D0%BD%D1%8F%D1%8F_%D0%B4%D0%BE%D1%80%D0%BE%D0%B3%D0%B0
92	92	20	К Чаадаеву	/wiki/%D0%9A_%D0%A7%D0%B0%D0%B0%D0%B4%D0%B0%D0%B5%D0%B2%D1%83_(%D0%9F%D1%83%D1%88%D0%BA%D0%B8%D0%BD)
93	93	20	Во глубине сибирских руд	/wiki/%D0%92%D0%BE_%D0%B3%D0%BB%D1%83%D0%B1%D0%B8%D0%BD%D0%B5_%D1%81%D0%B8%D0%B1%D0%B8%D1%80%D1%81%D0%BA%D0%B8%D1%85_%D1%80%D1%83%D0%B4
94	94	20	19 октября	/wiki/19_%D0%BE%D0%BA%D1%82%D1%8F%D0%B1%D1%80%D1%8F_(%D0%9F%D1%83%D1%88%D0%BA%D0%B8%D0%BD)
95	95	20	На холмах Грузии	/wiki/%D0%9D%D0%B0_%D1%85%D0%BE%D0%BB%D0%BC%D0%B0%D1%85_%D0%93%D1%80%D1%83%D0%B7%D0%B8%D0%B8
96	96	20	Мадона	/wiki/%D0%9C%D0%B0%D0%B4%D0%BE%D0%BD%D0%B0_(%D0%9F%D1%83%D1%88%D0%BA%D0%B8%D0%BD)
97	97	20	Арион	/wiki/%D0%90%D1%80%D0%B8%D0%BE%D0%BD
98	98	20	Признание	/wiki/%D0%9F%D1%80%D0%B8%D0%B7%D0%BD%D0%B0%D0%BD%D0%B8%D0%B5_(%D0%9F%D1%83%D1%88%D0%BA%D0%B8%D0%BD)
99	99	20	Поэт	/wiki/%D0%9F%D0%BE%D1%8D%D1%82_(%D0%9F%D1%83%D1%88%D0%BA%D0%B8%D0%BD)
100	100	20	Я памятник себе воздвиг нерукотворный	/wiki/%D0%AF_%D0%BF%D0%B0%D0%BC%D1%8F%D1%82%D0%BD%D0%B8%D0%BA_%D1%81%D0%B5%D0%B1%D0%B5_%D0%B2%D0%BE%D0%B7%D0%B4%D0%B2%D0%B8%D0%B3_%D0%BD%D0%B5%D1%80%D1%83%D0%BA%D0%BE%D1%82%D0%B2%D0%BE%D1%80%D0%BD%D1%8B%D0%B9
101	101	20	Няне	/wiki/%D0%9D%D1%8F%D0%BD%D0%B5
102	102	20	И. И. Пущину	/wiki/%D0%98._%D0%98._%D0%9F%D1%83%D1%89%D0%B8%D0%BD%D1%83
103	103	20	Сожженное письмо	/wiki/%D0%A1%D0%BE%D0%B6%D0%B6%D0%B5%D0%BD%D0%BD%D0%BE%D0%B5_%D0%BF%D0%B8%D1%81%D1%8C%D0%BC%D0%BE
104	104	20	Храни меня, мой талисман	/wiki/%D0%A5%D1%80%D0%B0%D0%BD%D0%B8_%D0%BC%D0%B5%D0%BD%D1%8F,_%D0%BC%D0%BE%D0%B9_%D1%82%D0%B0%D0%BB%D0%B8%D1%81%D0%BC%D0%B0%D0%BD
105	105	20	Кипренскому	/wiki/%D0%9A%D0%B8%D0%BF%D1%80%D0%B5%D0%BD%D1%81%D0%BA%D0%BE%D0%BC%D1%83
106	106	20	Цветок	/wiki/%D0%A6%D0%B2%D0%B5%D1%82%D0%BE%D0%BA_(%D0%9F%D1%83%D1%88%D0%BA%D0%B8%D0%BD)
107	107	20	Пророк	/wiki/%D0%9F%D1%80%D0%BE%D1%80%D0%BE%D0%BA_(%D0%9F%D1%83%D1%88%D0%BA%D0%B8%D0%BD)
108	108	21	Герой нашего времени	/wiki/%D0%93%D0%B5%D1%80%D0%BE%D0%B9_%D0%BD%D0%B0%D1%88%D0%B5%D0%B3%D0%BE_%D0%B2%D1%80%D0%B5%D0%BC%D0%B5%D0%BD%D0%B8_(%D0%9B%D0%B5%D1%80%D0%BC%D0%BE%D0%BD%D1%82%D0%BE%D0%B2)
109	109	21	Беглец	/wiki/%D0%91%D0%B5%D0%B3%D0%BB%D0%B5%D1%86_(%D0%9B%D0%B5%D1%80%D0%BC%D0%BE%D0%BD%D1%82%D0%BE%D0%B2)
110	110	21	Песня про купца Калашникова	/wiki/%D0%9F%D0%B5%D1%81%D0%BD%D1%8F_%D0%BF%D1%80%D0%BE_%D1%86%D0%B0%D1%80%D1%8F_%D0%98%D0%B2%D0%B0%D0%BD%D0%B0_%D0%92%D0%B0%D1%81%D0%B8%D0%BB%D1%8C%D0%B5%D0%B2%D0%B8%D1%87%D0%B0,_%D0%BC%D0%BE%D0%BB%D0%BE%D0%B4%D0%BE%D0%B3%D0%BE_%D0%BE%D0%BF%D1%80%D0%B8%D1%87%D0%BD%D0%B8%D0%BA%D0%B0_%D0%B8_%D1%83%D0%B4%D0%B0%D0%BB%D0%BE%D0%B3%D0%BE_%D0%BA%D1%83%D0%BF%D1%86%D0%B0_%D0%9A%D0%B0%D0%BB%D0%B0%D1%88%D0%BD%D0%B8%D0%BA%D0%BE%D0%B2%D0%B0_(%D0%9B%D0%B5%D1%80%D0%BC%D0%BE%D0%BD%D1%82%D0%BE%D0%B2)
111	111	21	Мцыри	/wiki/%D0%9C%D1%86%D1%8B%D1%80%D0%B8_(%D0%9B%D0%B5%D1%80%D0%BC%D0%BE%D0%BD%D1%82%D0%BE%D0%B2)
112	112	21	Пленный рыцарь	/wiki/%D0%9F%D0%BB%D0%B5%D0%BD%D0%BD%D1%8B%D0%B9_%D1%80%D1%8B%D1%86%D0%B0%D1%80%D1%8C_(%D0%9B%D0%B5%D1%80%D0%BC%D0%BE%D0%BD%D1%82%D0%BE%D0%B2)
113	113	21	Завещание	/wiki/%D0%97%D0%B0%D0%B2%D0%B5%D1%89%D0%B0%D0%BD%D0%B8%D0%B5_(%D0%9B%D0%B5%D1%80%D0%BC%D0%BE%D0%BD%D1%82%D0%BE%D0%B2)
114	114	21	Казачья колыбельная песня	/wiki/%D0%9A%D0%B0%D0%B7%D0%B0%D1%87%D1%8C%D1%8F_%D0%BA%D0%BE%D0%BB%D1%8B%D0%B1%D0%B5%D0%BB%D1%8C%D0%BD%D0%B0%D1%8F_%D0%BF%D0%B5%D1%81%D0%BD%D1%8F_(%D0%9B%D0%B5%D1%80%D0%BC%D0%BE%D0%BD%D1%82%D0%BE%D0%B2)
115	115	21	Утёс	/wiki/%D0%A3%D1%82%D1%91%D1%81_(%D0%9B%D0%B5%D1%80%D0%BC%D0%BE%D0%BD%D1%82%D0%BE%D0%B2)
116	116	21	Листок	/wiki/%D0%9B%D0%B8%D1%81%D1%82%D0%BE%D0%BA_(%D0%9B%D0%B5%D1%80%D0%BC%D0%BE%D0%BD%D1%82%D0%BE%D0%B2)
117	117	21	Парус	/wiki/%D0%9F%D0%B0%D1%80%D1%83%D1%81_(%D0%9B%D0%B5%D1%80%D0%BC%D0%BE%D0%BD%D1%82%D0%BE%D0%B2)
118	118	21	Тучи	/wiki/%D0%A2%D1%83%D1%87%D0%B8_(%D0%9B%D0%B5%D1%80%D0%BC%D0%BE%D0%BD%D1%82%D0%BE%D0%B2)
119	119	21	Бородино	/wiki/%D0%91%D0%BE%D1%80%D0%BE%D0%B4%D0%B8%D0%BD%D0%BE_(%D0%9B%D0%B5%D1%80%D0%BC%D0%BE%D0%BD%D1%82%D0%BE%D0%B2)
120	120	21	Три пальмы	/wiki/%D0%A2%D1%80%D0%B8_%D0%BF%D0%B0%D0%BB%D1%8C%D0%BC%D1%8B_(%D0%9B%D0%B5%D1%80%D0%BC%D0%BE%D0%BD%D1%82%D0%BE%D0%B2)
121	121	21	Родина	/wiki/%D0%A0%D0%BE%D0%B4%D0%B8%D0%BD%D0%B0_(%D0%9B%D0%B5%D1%80%D0%BC%D0%BE%D0%BD%D1%82%D0%BE%D0%B2)
122	122	21	Выхожу один я на дорогу…	/wiki/%D0%92%D1%8B%D1%85%D0%BE%D0%B6%D1%83_%D0%BE%D0%B4%D0%B8%D0%BD_%D1%8F_%D0%BD%D0%B0_%D0%B4%D0%BE%D1%80%D0%BE%D0%B3%D1%83_(%D0%9B%D0%B5%D1%80%D0%BC%D0%BE%D0%BD%D1%82%D0%BE%D0%B2)
123	123	21	Смерть поэта	/wiki/%D0%A1%D0%BC%D0%B5%D1%80%D1%82%D1%8C_%D0%BF%D0%BE%D1%8D%D1%82%D0%B0_(%D0%9B%D0%B5%D1%80%D0%BC%D0%BE%D0%BD%D1%82%D0%BE%D0%B2)
124	124	21	Молитва	/wiki/%D0%9C%D0%BE%D0%BB%D0%B8%D1%82%D0%B2%D0%B0_(%D0%92_%D0%BC%D0%B8%D0%BD%D1%83%D1%82%D1%83_%D0%B6%D0%B8%D0%B7%D0%BD%D0%B8_%D1%82%D1%80%D1%83%D0%B4%D0%BD%D1%83%D1%8E_%E2%80%94_%D0%9B%D0%B5%D1%80%D0%BC%D0%BE%D0%BD%D1%82%D0%BE%D0%B2)
125	125	21	Когда волнуется желтеющая нива…	/wiki/%D0%9A%D0%BE%D0%B3%D0%B4%D0%B0_%D0%B2%D0%BE%D0%BB%D0%BD%D1%83%D0%B5%D1%82%D1%81%D1%8F_%D0%B6%D0%B5%D0%BB%D1%82%D0%B5%D1%8E%D1%89%D0%B0%D1%8F_%D0%BD%D0%B8%D0%B2%D0%B0_(%D0%9B%D0%B5%D1%80%D0%BC%D0%BE%D0%BD%D1%82%D0%BE%D0%B2)
126	126	21	Пророк	/wiki/%D0%9F%D1%80%D0%BE%D1%80%D0%BE%D0%BA_(%D0%9B%D0%B5%D1%80%D0%BC%D0%BE%D0%BD%D1%82%D0%BE%D0%B2)
127	127	21	Нищий	/wiki/%D0%9D%D0%B8%D1%89%D0%B8%D0%B9_(%D0%9B%D0%B5%D1%80%D0%BC%D0%BE%D0%BD%D1%82%D0%BE%D0%B2)
128	128	21	Нет, не тебя так пылко я люблю…	/wiki/%D0%9D%D0%B5%D1%82,_%D0%BD%D0%B5_%D1%82%D0%B5%D0%B1%D1%8F_%D1%82%D0%B0%D0%BA_%D0%BF%D1%8B%D0%BB%D0%BA%D0%BE_%D1%8F_%D0%BB%D1%8E%D0%B1%D0%BB%D1%8E_(%D0%9B%D0%B5%D1%80%D0%BC%D0%BE%D0%BD%D1%82%D0%BE%D0%B2)
129	129	21	На севере диком стоит одиноко…	/wiki/%D0%9D%D0%B0_%D1%81%D0%B5%D0%B2%D0%B5%D1%80%D0%B5_%D0%B4%D0%B8%D0%BA%D0%BE%D0%BC_%D1%81%D1%82%D0%BE%D0%B8%D1%82_%D0%BE%D0%B4%D0%B8%D0%BD%D0%BE%D0%BA%D0%BE_(%D0%9B%D0%B5%D1%80%D0%BC%D0%BE%D0%BD%D1%82%D0%BE%D0%B2)
130	130	21	Ангел	/wiki/%D0%90%D0%BD%D0%B3%D0%B5%D0%BB_(%D0%9B%D0%B5%D1%80%D0%BC%D0%BE%D0%BD%D1%82%D0%BE%D0%B2)
131	131	21	Узник	/wiki/%D0%A3%D0%B7%D0%BD%D0%B8%D0%BA_(%D0%9B%D0%B5%D1%80%D0%BC%D0%BE%D0%BD%D1%82%D0%BE%D0%B2)
132	132	21	Первое января	/wiki/%D0%9F%D0%B5%D1%80%D0%B2%D0%BE%D0%B5_%D1%8F%D0%BD%D0%B2%D0%B0%D1%80%D1%8F_(%D0%9B%D0%B5%D1%80%D0%BC%D0%BE%D0%BD%D1%82%D0%BE%D0%B2)
133	133	21	Предсказание	/wiki/%D0%9F%D1%80%D0%B5%D0%B4%D1%81%D0%BA%D0%B0%D0%B7%D0%B0%D0%BD%D0%B8%D0%B5_(%D0%9B%D0%B5%D1%80%D0%BC%D0%BE%D0%BD%D1%82%D0%BE%D0%B2)
134	134	21	И скучно и грустно	/wiki/%D0%98_%D1%81%D0%BA%D1%83%D1%87%D0%BD%D0%BE_%D0%B8_%D0%B3%D1%80%D1%83%D1%81%D1%82%D0%BD%D0%BE_(%D0%9B%D0%B5%D1%80%D0%BC%D0%BE%D0%BD%D1%82%D0%BE%D0%B2)
135	135	21	Дума	/wiki/%D0%94%D1%83%D0%BC%D0%B0_(%D0%9B%D0%B5%D1%80%D0%BC%D0%BE%D0%BD%D1%82%D0%BE%D0%B2)
136	136	21	Как часто, пёстрою толпою окружён…	/wiki/%D0%9A%D0%B0%D0%BA_%D1%87%D0%B0%D1%81%D1%82%D0%BE,_%D0%BF%D1%91%D1%81%D1%82%D1%80%D0%BE%D1%8E_%D1%82%D0%BE%D0%BB%D0%BF%D0%BE%D1%8E_%D0%BE%D0%BA%D1%80%D1%83%D0%B6%D1%91%D0%BD_(%D0%9B%D0%B5%D1%80%D0%BC%D0%BE%D0%BD%D1%82%D0%BE%D0%B2)
137	137	23	Выбранные места из переписки с друзьями	/wiki/%D0%92%D1%8B%D0%B1%D1%80%D0%B0%D0%BD%D0%BD%D1%8B%D0%B5_%D0%BC%D0%B5%D1%81%D1%82%D0%B0_%D0%B8%D0%B7_%D0%BF%D0%B5%D1%80%D0%B5%D0%BF%D0%B8%D1%81%D0%BA%D0%B8_%D1%81_%D0%B4%D1%80%D1%83%D0%B7%D1%8C%D1%8F%D0%BC%D0%B8_(%D0%93%D0%BE%D0%B3%D0%BE%D0%BB%D1%8C)
138	138	23	Ночь перед Рождеством	/wiki/%D0%9D%D0%BE%D1%87%D1%8C_%D0%BF%D0%B5%D1%80%D0%B5%D0%B4_%D0%A0%D0%BE%D0%B6%D0%B4%D0%B5%D1%81%D1%82%D0%B2%D0%BE%D0%BC_(%D0%93%D0%BE%D0%B3%D0%BE%D0%BB%D1%8C)
139	139	23	Майская ночь, или Утопленница	/wiki/%D0%9C%D0%B0%D0%B9%D1%81%D0%BA%D0%B0%D1%8F_%D0%BD%D0%BE%D1%87%D1%8C,_%D0%B8%D0%BB%D0%B8_%D0%A3%D1%82%D0%BE%D0%BF%D0%BB%D0%B5%D0%BD%D0%BD%D0%B8%D1%86%D0%B0_(%D0%93%D0%BE%D0%B3%D0%BE%D0%BB%D1%8C)
140	140	23	Заколдованное место	/wiki/%D0%97%D0%B0%D0%BA%D0%BE%D0%BB%D0%B4%D0%BE%D0%B2%D0%B0%D0%BD%D0%BD%D0%BE%D0%B5_%D0%BC%D0%B5%D1%81%D1%82%D0%BE_(%D0%93%D0%BE%D0%B3%D0%BE%D0%BB%D1%8C)
141	141	24	Бедность не порок	/wiki/%D0%91%D0%B5%D0%B4%D0%BD%D0%BE%D1%81%D1%82%D1%8C_%D0%BD%D0%B5_%D0%BF%D0%BE%D1%80%D0%BE%D0%BA_(%D0%9E%D1%81%D1%82%D1%80%D0%BE%D0%B2%D1%81%D0%BA%D0%B8%D0%B9)
142	142	24	Бесприданница	/wiki/%D0%91%D0%B5%D1%81%D0%BF%D1%80%D0%B8%D0%B4%D0%B0%D0%BD%D0%BD%D0%B8%D1%86%D0%B0
143	143	24	Гроза	/wiki/%D0%93%D1%80%D0%BE%D0%B7%D0%B0_(%D0%9E%D1%81%D1%82%D1%80%D0%BE%D0%B2%D1%81%D0%BA%D0%B8%D0%B9)
144	144	24	Доходное место	
145	145	24	Снегурочка	/wiki/%D0%A1%D0%BD%D0%B5%D0%B3%D1%83%D1%80%D0%BE%D1%87%D0%BA%D0%B0_(%D0%9E%D1%81%D1%82%D1%80%D0%BE%D0%B2%D1%81%D0%BA%D0%B8%D0%B9)
146	146	24	Свои люди-сочтёмся	
147	147	25	Отцы и дети	/wiki/%D0%9E%D1%82%D1%86%D1%8B_%D0%B8_%D0%B4%D0%B5%D1%82%D0%B8_(%D0%A2%D1%83%D1%80%D0%B3%D0%B5%D0%BD%D0%B5%D0%B2)
148	148	25	Рудин	/wiki/%D0%A0%D1%83%D0%B4%D0%B8%D0%BD_(%D0%A2%D1%83%D1%80%D0%B3%D0%B5%D0%BD%D0%B5%D0%B2)
149	149	25	Записки охотника	/wiki/%D0%97%D0%B0%D0%BF%D0%B8%D1%81%D0%BA%D0%B8_%D0%BE%D1%85%D0%BE%D1%82%D0%BD%D0%B8%D0%BA%D0%B0_(%D0%A2%D1%83%D1%80%D0%B3%D0%B5%D0%BD%D0%B5%D0%B2)
150	150	25	Бежин луг	/wiki/%D0%91%D0%B5%D0%B6%D0%B8%D0%BD_%D0%BB%D1%83%D0%B3_(%D0%A2%D1%83%D1%80%D0%B3%D0%B5%D0%BD%D0%B5%D0%B2)
151	151	25	Хорь и Калиныч	/wiki/%D0%A5%D0%BE%D1%80%D1%8C_%D0%B8_%D0%9A%D0%B0%D0%BB%D0%B8%D0%BD%D1%8B%D1%87_(%D0%A2%D1%83%D1%80%D0%B3%D0%B5%D0%BD%D0%B5%D0%B2)
152	152	25	Бирюк	/wiki/%D0%91%D0%B8%D1%80%D1%8E%D0%BA_(%D0%A2%D1%83%D1%80%D0%B3%D0%B5%D0%BD%D0%B5%D0%B2)
153	153	25	Певцы	/wiki/%D0%9F%D0%B5%D0%B2%D1%86%D1%8B_(%D0%A2%D1%83%D1%80%D0%B3%D0%B5%D0%BD%D0%B5%D0%B2)
154	154	25	Муму	/wiki/%D0%9C%D1%83%D0%BC%D1%83_(%D0%A2%D1%83%D1%80%D0%B3%D0%B5%D0%BD%D0%B5%D0%B2)
155	155	25	Ася	/wiki/%D0%90%D1%81%D1%8F_(%D0%A2%D1%83%D1%80%D0%B3%D0%B5%D0%BD%D0%B5%D0%B2)
156	156	25	Первая любовь	/wiki/%D0%9F%D0%B5%D1%80%D0%B2%D0%B0%D1%8F_%D0%BB%D1%8E%D0%B1%D0%BE%D0%B2%D1%8C_(%D0%A2%D1%83%D1%80%D0%B3%D0%B5%D0%BD%D0%B5%D0%B2)
157	157	25	Русский язык	/wiki/%D0%A0%D1%83%D1%81%D1%81%D0%BA%D0%B8%D0%B9_%D1%8F%D0%B7%D1%8B%D0%BA_(%D0%A2%D1%83%D1%80%D0%B3%D0%B5%D0%BD%D0%B5%D0%B2)
158	158	25	Два богача	/wiki/%D0%94%D0%B2%D0%B0_%D0%B1%D0%BE%D0%B3%D0%B0%D1%87%D0%B0_(%D0%A2%D1%83%D1%80%D0%B3%D0%B5%D0%BD%D0%B5%D0%B2)
159	159	25	Как хороши, как свежи были розы	/wiki/%D0%9A%D0%B0%D0%BA_%D1%85%D0%BE%D1%80%D0%BE%D1%88%D0%B8,_%D0%BA%D0%B0%D0%BA_%D1%81%D0%B2%D0%B5%D0%B6%D0%B8_%D0%B1%D1%8B%D0%BB%D0%B8_%D1%80%D0%BE%D0%B7%D1%8B_(%D0%A2%D1%83%D1%80%D0%B3%D0%B5%D0%BD%D0%B5%D0%B2)
160	160	25	Близнецы	/wiki/%D0%91%D0%BB%D0%B8%D0%B7%D0%BD%D0%B5%D1%86%D1%8B_(%D0%A2%D1%83%D1%80%D0%B3%D0%B5%D0%BD%D0%B5%D0%B2)
161	161	26	Есть в осени первоначальной…	/wiki/%D0%95%D1%81%D1%82%D1%8C_%D0%B2_%D0%BE%D1%81%D0%B5%D0%BD%D0%B8_%D0%BF%D0%B5%D1%80%D0%B2%D0%BE%D0%BD%D0%B0%D1%87%D0%B0%D0%BB%D1%8C%D0%BD%D0%BE%D0%B9_(%D0%A2%D1%8E%D1%82%D1%87%D0%B5%D0%B2)
162	162	26	Летний вечер	/wiki/%D0%9B%D0%B5%D1%82%D0%BD%D0%B8%D0%B9_%D0%B2%D0%B5%D1%87%D0%B5%D1%80_(%D0%A2%D1%8E%D1%82%D1%87%D0%B5%D0%B2)
163	163	26	Осенний вечер	/wiki/%D0%9E%D1%81%D0%B5%D0%BD%D0%BD%D0%B8%D0%B9_%D0%B2%D0%B5%D1%87%D0%B5%D1%80_(%D0%A2%D1%8E%D1%82%D1%87%D0%B5%D0%B2)
164	164	26	Умом Россию не понять…	/wiki/%D0%A3%D0%BC%D0%BE%D0%BC_%D0%A0%D0%BE%D1%81%D1%81%D0%B8%D1%8E_%D0%BD%D0%B5_%D0%BF%D0%BE%D0%BD%D1%8F%D1%82%D1%8C_(%D0%A2%D1%8E%D1%82%D1%87%D0%B5%D0%B2)
165	165	26	Весенние воды	/wiki/%D0%92%D0%B5%D1%81%D0%B5%D0%BD%D0%BD%D0%B8%D0%B5_%D0%B2%D0%BE%D0%B4%D1%8B_(%D0%A2%D1%8E%D1%82%D1%87%D0%B5%D0%B2)
166	166	26	Нам не дано предугадать…	/wiki/%D0%9D%D0%B0%D0%BC_%D0%BD%D0%B5_%D0%B4%D0%B0%D0%BD%D0%BE_%D0%BF%D1%80%D0%B5%D0%B4%D1%83%D0%B3%D0%B0%D0%B4%D0%B0%D1%82%D1%8C_(%D0%A2%D1%8E%D1%82%D1%87%D0%B5%D0%B2)
167	167	26	Неохотно и несмело…	/wiki/%D0%9D%D0%B5%D0%BE%D1%85%D0%BE%D1%82%D0%BD%D0%BE_%D0%B8_%D0%BD%D0%B5%D1%81%D0%BC%D0%B5%D0%BB%D0%BE_(%D0%A2%D1%8E%D1%82%D1%87%D0%B5%D0%B2)
168	168	26	Листья	/wiki/%D0%9B%D0%B8%D1%81%D1%82%D1%8C%D1%8F_(%D0%A2%D1%8E%D1%82%D1%87%D0%B5%D0%B2)
169	169	26	Что ты клонишь над водами…	/wiki/%D0%A7%D1%82%D0%BE_%D1%82%D1%8B_%D0%BA%D0%BB%D0%BE%D0%BD%D0%B8%D1%88%D1%8C_%D0%BD%D0%B0%D0%B4_%D0%B2%D0%BE%D0%B4%D0%B0%D0%BC%D0%B8_(%D0%A2%D1%8E%D1%82%D1%87%D0%B5%D0%B2)
170	170	26	Фонтан	/wiki/%D0%A4%D0%BE%D0%BD%D1%82%D0%B0%D0%BD_(%D0%A2%D1%8E%D1%82%D1%87%D0%B5%D0%B2)
171	171	26	Как весел грохот летних бурь…	/wiki/%D0%9A%D0%B0%D0%BA_%D0%B2%D0%B5%D1%81%D0%B5%D0%BB_%D0%B3%D1%80%D0%BE%D1%85%D0%BE%D1%82_%D0%BB%D0%B5%D1%82%D0%BD%D0%B8%D1%85_%D0%B1%D1%83%D1%80%D1%8C_(%D0%A2%D1%8E%D1%82%D1%87%D0%B5%D0%B2)
172	172	26	Чародейкою Зимою…	/wiki/%D0%A7%D0%B0%D1%80%D0%BE%D0%B4%D0%B5%D0%B9%D0%BA%D0%BE%D1%8E_%D0%97%D0%B8%D0%BC%D0%BE%D1%8E_(%D0%A2%D1%8E%D1%82%D1%87%D0%B5%D0%B2)
173	173	26	Цицерон	/wiki/%D0%A6%D0%B8%D1%86%D0%B5%D1%80%D0%BE%D0%BD_(%D0%A2%D1%8E%D1%82%D1%87%D0%B5%D0%B2)
174	174	26	Она сидела на полу…	/wiki/%D0%9E%D0%BD%D0%B0_%D1%81%D0%B8%D0%B4%D0%B5%D0%BB%D0%B0_%D0%BD%D0%B0_%D0%BF%D0%BE%D0%BB%D1%83_(%D0%A2%D1%8E%D1%82%D1%87%D0%B5%D0%B2)
175	175	26	О, как убийственно мы любим…	/wiki/%D0%9E,_%D0%BA%D0%B0%D0%BA_%D1%83%D0%B1%D0%B8%D0%B9%D1%81%D1%82%D0%B2%D0%B5%D0%BD%D0%BD%D0%BE_%D0%BC%D1%8B_%D0%BB%D1%8E%D0%B1%D0%B8%D0%BC_(%D0%A2%D1%8E%D1%82%D1%87%D0%B5%D0%B2)
176	176	26	Эти бедные селенья…	/wiki/%D0%AD%D1%82%D0%B8_%D0%B1%D0%B5%D0%B4%D0%BD%D1%8B%D0%B5_%D1%81%D0%B5%D0%BB%D0%B5%D0%BD%D1%8C%D1%8F_(%D0%A2%D1%8E%D1%82%D1%87%D0%B5%D0%B2)
177	177	26	Чему молилась ты с любовью…	/wiki/%D0%A7%D0%B5%D0%BC%D1%83_%D0%BC%D0%BE%D0%BB%D0%B8%D0%BB%D0%B0%D1%81%D1%8C_%D1%82%D1%8B_%D1%81_%D0%BB%D1%8E%D0%B1%D0%BE%D0%B2%D1%8C%D1%8E_(%D0%A2%D1%8E%D1%82%D1%87%D0%B5%D0%B2)
178	178	27	Ещё весны душистой нега…	/wiki/%D0%95%D1%89%D1%91_%D0%B2%D0%B5%D1%81%D0%BD%D1%8B_%D0%B4%D1%83%D1%88%D0%B8%D1%81%D1%82%D0%BE%D0%B9_%D0%BD%D0%B5%D0%B3%D0%B0_(%D0%A4%D0%B5%D1%82)
179	179	27	Заря прощается с землёю…	/wiki/%D0%97%D0%B0%D1%80%D1%8F_%D0%BF%D1%80%D0%BE%D1%89%D0%B0%D0%B5%D1%82%D1%81%D1%8F_%D1%81_%D0%B7%D0%B5%D0%BC%D0%BB%D1%91%D1%8E_(%D0%A4%D0%B5%D1%82)
180	180	27	Ель рукавом мне тропинку завесила…	/wiki/%D0%95%D0%BB%D1%8C_%D1%80%D1%83%D0%BA%D0%B0%D0%B2%D0%BE%D0%BC_%D0%BC%D0%BD%D0%B5_%D1%82%D1%80%D0%BE%D0%BF%D0%B8%D0%BD%D0%BA%D1%83_%D0%B7%D0%B0%D0%B2%D0%B5%D1%81%D0%B8%D0%BB%D0%B0_(%D0%A4%D0%B5%D1%82)
181	181	27	Скрип шагов вдоль улиц белых…	/wiki/%D0%A1%D0%BA%D1%80%D0%B8%D0%BF_%D1%88%D0%B0%D0%B3%D0%BE%D0%B2_%D0%B2%D0%B4%D0%BE%D0%BB%D1%8C_%D1%83%D0%BB%D0%B8%D1%86_%D0%B1%D0%B5%D0%BB%D1%8B%D1%85_(%D0%A4%D0%B5%D1%82)
182	182	27	Летний вечер тих и ясен…	/wiki/%D0%9B%D0%B5%D1%82%D0%BD%D0%B8%D0%B9_%D0%B2%D0%B5%D1%87%D0%B5%D1%80_%D1%82%D0%B8%D1%85_%D0%B8_%D1%8F%D1%81%D0%B5%D0%BD_(%D0%A4%D0%B5%D1%82)
183	183	27	Какая ночь! Как воздух чист…	/wiki/%D0%9A%D0%B0%D0%BA%D0%B0%D1%8F_%D0%BD%D0%BE%D1%87%D1%8C!_%D0%9A%D0%B0%D0%BA_%D0%B2%D0%BE%D0%B7%D0%B4%D1%83%D1%85_%D1%87%D0%B8%D1%81%D1%82_(%D0%A4%D0%B5%D1%82)
184	184	27	Это утро, радость эта…	/wiki/%D0%AD%D1%82%D0%BE_%D1%83%D1%82%D1%80%D0%BE,_%D1%80%D0%B0%D0%B4%D0%BE%D1%81%D1%82%D1%8C_%D1%8D%D1%82%D0%B0_(%D0%A4%D0%B5%D1%82)
185	185	27	Бабочка	/wiki/%D0%91%D0%B0%D0%B1%D0%BE%D1%87%D0%BA%D0%B0_(%D0%A4%D0%B5%D1%82)
186	186	27	Какая грусть! Конец аллеи…	/wiki/%D0%9A%D0%B0%D0%BA%D0%B0%D1%8F_%D0%B3%D1%80%D1%83%D1%81%D1%82%D1%8C!_%D0%9A%D0%BE%D0%BD%D0%B5%D1%86_%D0%B0%D0%BB%D0%BB%D0%B5%D0%B8_(%D0%A4%D0%B5%D1%82)
187	187	27	Зреет рожь	/wiki/%D0%97%D1%80%D0%B5%D0%B5%D1%82_%D1%80%D0%BE%D0%B6%D1%8C_(%D0%A4%D0%B5%D1%82)
188	188	27	Ласточки пропали	/wiki/%D0%9B%D0%B0%D1%81%D1%82%D0%BE%D1%87%D0%BA%D0%B8_%D0%BF%D1%80%D0%BE%D0%BF%D0%B0%D0%BB%D0%B8_(%D0%A4%D0%B5%D1%82)
189	189	27	На заре ты её не буди…	/wiki/%D0%9D%D0%B0_%D0%B7%D0%B0%D1%80%D0%B5_%D1%82%D1%8B_%D0%B5%D1%91_%D0%BD%D0%B5_%D0%B1%D1%83%D0%B4%D0%B8_(%D0%A4%D0%B5%D1%82)
190	190	27	Я пришёл к тебе с приветом…	/wiki/%D0%AF_%D0%BF%D1%80%D0%B8%D1%88%D1%91%D0%BB_%D0%BA_%D1%82%D0%B5%D0%B1%D0%B5_%D1%81_%D0%BF%D1%80%D0%B8%D0%B2%D0%B5%D1%82%D0%BE%D0%BC_(%D0%A4%D0%B5%D1%82)
191	191	27	Я тебе ничего не скажу…	/wiki/%D0%AF_%D1%82%D0%B5%D0%B1%D0%B5_%D0%BD%D0%B8%D1%87%D0%B5%D0%B3%D0%BE_%D0%BD%D0%B5_%D1%81%D0%BA%D0%B0%D0%B6%D1%83_(%D0%A4%D0%B5%D1%82)
192	192	27	Добро и зло	/wiki/%D0%94%D0%BE%D0%B1%D1%80%D0%BE_%D0%B8_%D0%B7%D0%BB%D0%BE_(%D0%A4%D0%B5%D1%82)
193	193	27	Жизнь пронеслась без явного следа…	/wiki/%D0%96%D0%B8%D0%B7%D0%BD%D1%8C_%D0%BF%D1%80%D0%BE%D0%BD%D0%B5%D1%81%D0%BB%D0%B0%D1%81%D1%8C_%D0%B1%D0%B5%D0%B7_%D1%8F%D0%B2%D0%BD%D0%BE%D0%B3%D0%BE_%D1%81%D0%BB%D0%B5%D0%B4%D0%B0_(%D0%A4%D0%B5%D1%82)
194	194	27	Бал	/wiki/%D0%91%D0%B0%D0%BB_(%D0%A4%D0%B5%D1%82)
195	195	27	Певице	/wiki/%D0%9F%D0%B5%D0%B2%D0%B8%D1%86%D0%B5_(%D0%A4%D0%B5%D1%82)
196	196	27	Цветы	/wiki/%D0%A6%D0%B2%D0%B5%D1%82%D1%8B_(%D0%A4%D0%B5%D1%82)
197	197	27	Ярким солнцем в лесу пламенеет…	/wiki/%D0%AF%D1%80%D0%BA%D0%B8%D0%BC_%D1%81%D0%BE%D0%BB%D0%BD%D1%86%D0%B5%D0%BC_%D0%B2_%D0%BB%D0%B5%D1%81%D1%83_%D0%BF%D0%BB%D0%B0%D0%BC%D0%B5%D0%BD%D0%B5%D0%B5%D1%82_(%D0%A4%D0%B5%D1%82)
198	198	28	Рассвет	/wiki/%D0%A0%D0%B0%D1%81%D1%81%D0%B2%D0%B5%D1%82_(%D0%9C%D0%B0%D0%B9%D0%BA%D0%BE%D0%B2)
199	199	28	Осень	/wiki/%D0%9E%D1%81%D0%B5%D0%BD%D1%8C_(%D0%9C%D0%B0%D0%B9%D0%BA%D0%BE%D0%B2)
200	200	28	Пейзаж	/wiki/%D0%9F%D0%B5%D0%B9%D0%B7%D0%B0%D0%B6_(%D0%9C%D0%B0%D0%B9%D0%BA%D0%BE%D0%B2)
201	201	29	Детство	/wiki/%D0%94%D0%B5%D1%82%D1%81%D1%82%D0%B2%D0%BE_(%D0%A2%D0%BE%D0%BB%D1%81%D1%82%D0%BE%D0%B9)
202	202	29	Отрочество	/wiki/%D0%9E%D1%82%D1%80%D0%BE%D1%87%D0%B5%D1%81%D1%82%D0%B2%D0%BE_(%D0%A2%D0%BE%D0%BB%D1%81%D1%82%D0%BE%D0%B9)
203	203	29	Юность	/wiki/%D0%AE%D0%BD%D0%BE%D1%81%D1%82%D1%8C_(%D0%A2%D0%BE%D0%BB%D1%81%D1%82%D0%BE%D0%B9)
204	204	29	Кавказский пленник	/wiki/%D0%9A%D0%B0%D0%B2%D0%BA%D0%B0%D0%B7%D1%81%D0%BA%D0%B8%D0%B9_%D0%BF%D0%BB%D0%B5%D0%BD%D0%BD%D0%B8%D0%BA_(%D0%A2%D0%BE%D0%BB%D1%81%D1%82%D0%BE%D0%B9)
205	205	29	После бала	/wiki/%D0%9F%D0%BE%D1%81%D0%BB%D0%B5_%D0%B1%D0%B0%D0%BB%D0%B0
206	206	29	Война и мир	/wiki/%D0%92%D0%BE%D0%B9%D0%BD%D0%B0_%D0%B8_%D0%BC%D0%B8%D1%80_(%D0%A2%D0%BE%D0%BB%D1%81%D1%82%D0%BE%D0%B9)
207	207	30	Кому на Руси жить хорошо	/wiki/%D0%9A%D0%BE%D0%BC%D1%83_%D0%BD%D0%B0_%D0%A0%D1%83%D1%81%D0%B8_%D0%B6%D0%B8%D1%82%D1%8C_%D1%85%D0%BE%D1%80%D0%BE%D1%88%D0%BE
208	208	30	Русские женщины	
209	209	30	Дедушка	/wiki/%D0%94%D0%B5%D0%B4%D1%83%D1%88%D0%BA%D0%B0_(%D0%9D%D0%B5%D0%BA%D1%80%D0%B0%D1%81%D0%BE%D0%B2)
210	210	30	Мороз Красный Нос	
211	211	30	Соловьи	
212	212	30	На Волге	/wiki/%D0%9D%D0%B0_%D0%92%D0%BE%D0%BB%D0%B3%D0%B5_(%D0%9D%D0%B5%D0%BA%D1%80%D0%B0%D1%81%D0%BE%D0%B2)
213	213	30	Тройка	/wiki/%D0%A2%D1%80%D0%BE%D0%B9%D0%BA%D0%B0
214	214	30	Железная дорога	/wiki/%D0%96%D0%B5%D0%BB%D0%B5%D0%B7%D0%BD%D0%B0%D1%8F_%D0%B4%D0%BE%D1%80%D0%BE%D0%B3%D0%B0
215	215	30	Размышления у парадного подъезда	/wiki/%D0%A0%D0%B0%D0%B7%D0%BC%D1%8B%D1%88%D0%BB%D0%B5%D0%BD%D0%B8%D1%8F_%D1%83_%D0%BF%D0%B0%D1%80%D0%B0%D0%B4%D0%BD%D0%BE%D0%B3%D0%BE_%D0%BF%D0%BE%D0%B4%D1%8A%D0%B5%D0%B7%D0%B4%D0%B0
216	216	30	В дороге	/wiki/%D0%92_%D0%B4%D0%BE%D1%80%D0%BE%D0%B3%D0%B5_(%D0%9D%D0%B5%D0%BA%D1%80%D0%B0%D1%81%D0%BE%D0%B2)
217	217	30	Калистрат	
218	218	30	В полном разгаре страда деревенская	/wiki/%D0%A1%D1%82%D1%80%D0%B0%D0%B4%D0%B0_(%D0%9D%D0%B5%D0%BA%D1%80%D0%B0%D1%81%D0%BE%D0%B2)
219	219	30	Внимая ужасам войны	/wiki/%D0%92%D0%BD%D0%B8%D0%BC%D0%B0%D1%8F_%D1%83%D0%B6%D0%B0%D1%81%D0%B0%D0%BC_%D0%B2%D0%BE%D0%B9%D0%BD%D1%8B
220	220	30	Школьник	/wiki/%D0%A8%D0%BA%D0%BE%D0%BB%D1%8C%D0%BD%D0%B8%D0%BA_(%D0%9D%D0%B5%D0%BA%D1%80%D0%B0%D1%81%D0%BE%D0%B2)
221	221	30	Вчерашний день часу в шестом	/wiki/%D0%92%D1%87%D0%B5%D1%80%D0%B0%D1%88%D0%BD%D0%B8%D0%B9_%D0%B4%D0%B5%D0%BD%D1%8C_%D1%87%D0%B0%D1%81%D1%83_%D0%B2_%D1%88%D0%B5%D1%81%D1%82%D0%BE%D0%BC
222	222	30	Ты всегда хороша несравненно…	
223	223	30	Я не люблю иронии твоей…	/wiki/%D0%AF_%D0%BD%D0%B5_%D0%BB%D1%8E%D0%B1%D0%BB%D1%8E_%D0%B8%D1%80%D0%BE%D0%BD%D0%B8%D0%B8_%D1%82%D0%B2%D0%BE%D0%B5%D0%B9%E2%80%A6
224	224	30	Мы с тобой бестолковые люди…	
225	225	30	Умру я скоро…	
226	226	30	Безвестен я…	
227	227	31	Ау!	/wiki/%D0%90%D1%83!
228	228	31	Пловец	/wiki/%D0%9F%D0%BB%D0%BE%D0%B2%D0%B5%D1%86
229	229	32	Левша	/wiki/%D0%9B%D0%B5%D0%B2%D1%88%D0%B0
230	230	32	Очарованный странник	/wiki/%D0%9E%D1%87%D0%B0%D1%80%D0%BE%D0%B2%D0%B0%D0%BD%D0%BD%D1%8B%D0%B9_%D1%81%D1%82%D1%80%D0%B0%D0%BD%D0%BD%D0%B8%D0%BA
231	231	33	Что делать?	/wiki/%D0%A7%D1%82%D0%BE_%D0%B4%D0%B5%D0%BB%D0%B0%D1%82%D1%8C%3F_(%D0%A7%D0%B5%D1%80%D0%BD%D1%8B%D1%88%D0%B5%D0%B2%D1%81%D0%BA%D0%B8%D0%B9)
232	232	34	Обыкновенная история	/wiki/%D0%9E%D0%B1%D1%8B%D0%BA%D0%BD%D0%BE%D0%B2%D0%B5%D0%BD%D0%BD%D0%B0%D1%8F_%D0%B8%D1%81%D1%82%D0%BE%D1%80%D0%B8%D1%8F_(%D0%93%D0%BE%D0%BD%D1%87%D0%B0%D1%80%D0%BE%D0%B2)
233	233	34	Обломов	/wiki/%D0%9E%D0%B1%D0%BB%D0%BE%D0%BC%D0%BE%D0%B2
234	234	34	Обрыв	/wiki/%D0%9E%D0%B1%D1%80%D1%8B%D0%B2
235	235	34	Мильон терзаний	/wiki/%D0%9C%D0%B8%D0%BB%D1%8C%D0%BE%D0%BD_%D1%82%D0%B5%D1%80%D0%B7%D0%B0%D0%BD%D0%B8%D0%B9
236	236	35	Русь	/wiki/%D0%A0%D1%83%D1%81%D1%8C_(%D0%9D%D0%B8%D0%BA%D0%B8%D1%82%D0%B8%D0%BD)
237	237	35	Утро	/wiki/%D0%A3%D1%82%D1%80%D0%BE_(%D0%9D%D0%B8%D0%BA%D0%B8%D1%82%D0%B8%D0%BD)
238	238	35	Встреча зимы	/wiki/%D0%92%D1%81%D1%82%D1%80%D0%B5%D1%87%D0%B0_%D0%B7%D0%B8%D0%BC%D1%8B
239	239	35	Ярко звезд мерцанье	/wiki/%D0%AF%D1%80%D0%BA%D0%BE_%D0%B7%D0%B2%D0%B5%D0%B7%D0%B4_%D0%BC%D0%B5%D1%80%D1%86%D0%B0%D0%BD%D1%8C%D0%B5
240	240	35	Лес	/wiki/%D0%9B%D0%B5%D1%81_(%D0%9D%D0%B8%D0%BA%D0%B8%D1%82%D0%B8%D0%BD)
241	241	36	Пётр I	
242	242	37	Где гнутся над омутом лозы…	/wiki/%D0%93%D0%B4%D0%B5_%D0%B3%D0%BD%D1%83%D1%82%D1%81%D1%8F_%D0%BD%D0%B0%D0%B4_%D0%BE%D0%BC%D1%83%D1%82%D0%BE%D0%BC_%D0%BB%D0%BE%D0%B7%D1%8B_(%D0%90._%D0%9A._%D0%A2%D0%BE%D0%BB%D1%81%D1%82%D0%BE%D0%B9)
243	243	37	Край ты мой, родимый край…	/wiki/%D0%9A%D1%80%D0%B0%D0%B9_%D1%82%D1%8B_%D0%BC%D0%BE%D0%B9,_%D1%80%D0%BE%D0%B4%D0%B8%D0%BC%D1%8B%D0%B9_%D0%BA%D1%80%D0%B0%D0%B9_(%D0%90._%D0%9A._%D0%A2%D0%BE%D0%BB%D1%81%D1%82%D0%BE%D0%B9)
244	244	37	Благовест	/wiki/%D0%91%D0%BB%D0%B0%D0%B3%D0%BE%D0%B2%D0%B5%D1%81%D1%82_(%D0%90._%D0%9A._%D0%A2%D0%BE%D0%BB%D1%81%D1%82%D0%BE%D0%B9)
245	245	37	Средь шумного бала…	/wiki/%D0%A1%D1%80%D0%B5%D0%B4%D1%8C_%D1%88%D1%83%D0%BC%D0%BD%D0%BE%D0%B3%D0%BE_%D0%B1%D0%B0%D0%BB%D0%B0,_%D1%81%D0%BB%D1%83%D1%87%D0%B0%D0%B9%D0%BD%D0%BE_(%D0%90._%D0%9A._%D0%A2%D0%BE%D0%BB%D1%81%D1%82%D0%BE%D0%B9)
246	246	37	Коль любить, так без рассудку…	/wiki/%D0%9A%D0%BE%D0%BB%D1%8C_%D0%BB%D1%8E%D0%B1%D0%B8%D1%82%D1%8C,_%D1%82%D0%B0%D0%BA_%D0%B1%D0%B5%D0%B7_%D1%80%D0%B0%D1%81%D1%81%D1%83%D0%B4%D0%BA%D1%83_(%D0%90._%D0%9A._%D0%A2%D0%BE%D0%BB%D1%81%D1%82%D0%BE%D0%B9)
247	247	38	История одного города	/wiki/%D0%98%D1%81%D1%82%D0%BE%D1%80%D0%B8%D1%8F_%D0%BE%D0%B4%D0%BD%D0%BE%D0%B3%D0%BE_%D0%B3%D0%BE%D1%80%D0%BE%D0%B4%D0%B0
248	248	38	Вяленая вобла	/wiki/%D0%92%D1%8F%D0%BB%D0%B5%D0%BD%D0%B0%D1%8F_%D0%B2%D0%BE%D0%B1%D0%BB%D0%B0
249	249	38	Повесть о том, как один мужик двух генералов прокормил	/wiki/%D0%9F%D0%BE%D0%B2%D0%B5%D1%81%D1%82%D1%8C_%D0%BE_%D1%82%D0%BE%D0%BC,_%D0%BA%D0%B0%D0%BA_%D0%BE%D0%B4%D0%B8%D0%BD_%D0%BC%D1%83%D0%B6%D0%B8%D0%BA_%D0%B4%D0%B2%D1%83%D1%85_%D0%B3%D0%B5%D0%BD%D0%B5%D1%80%D0%B0%D0%BB%D0%BE%D0%B2_%D0%BF%D1%80%D0%BE%D0%BA%D0%BE%D1%80%D0%BC%D0%B8%D0%BB
250	250	38	Дикий помещик	/wiki/%D0%94%D0%B8%D0%BA%D0%B8%D0%B9_%D0%BF%D0%BE%D0%BC%D0%B5%D1%89%D0%B8%D0%BA
251	251	38	Медведь на воеводстве	/wiki/%D0%9C%D0%B5%D0%B4%D0%B2%D0%B5%D0%B4%D1%8C_%D0%BD%D0%B0_%D0%B2%D0%BE%D0%B5%D0%B2%D0%BE%D0%B4%D1%81%D1%82%D0%B2%D0%B5
252	252	39	Преступление и наказание	/wiki/%D0%9F%D1%80%D0%B5%D1%81%D1%82%D1%83%D0%BF%D0%BB%D0%B5%D0%BD%D0%B8%D0%B5_%D0%B8_%D0%BD%D0%B0%D0%BA%D0%B0%D0%B7%D0%B0%D0%BD%D0%B8%D0%B5_(%D0%94%D0%BE%D1%81%D1%82%D0%BE%D0%B5%D0%B2%D1%81%D0%BA%D0%B8%D0%B9)
253	253	39	Идиот	/wiki/%D0%98%D0%B4%D0%B8%D0%BE%D1%82
254	254	39	Мальчик у Христа на ёлке	/wiki/%D0%9C%D0%B0%D0%BB%D1%8C%D1%87%D0%B8%D0%BA_%D1%83_%D0%A5%D1%80%D0%B8%D1%81%D1%82%D0%B0_%D0%BD%D0%B0_%D1%91%D0%BB%D0%BA%D0%B5
255	255	39	Белые ночи	/wiki/%D0%91%D0%B5%D0%BB%D1%8B%D0%B5_%D0%BD%D0%BE%D1%87%D0%B8
256	256	39	Бедные люди	/wiki/%D0%91%D0%B5%D0%B4%D0%BD%D1%8B%D0%B5_%D0%BB%D1%8E%D0%B4%D0%B8_(%D0%94%D0%BE%D1%81%D1%82%D0%BE%D0%B5%D0%B2%D1%81%D0%BA%D0%B8%D0%B9)
257	257	40	Чудная	/wiki/%D0%A7%D1%83%D0%B4%D0%BD%D0%B0%D1%8F_(%D0%9A%D0%BE%D1%80%D0%BE%D0%BB%D0%B5%D0%BD%D0%BA%D0%BE)
258	258	40	Без языка	
259	259	40	Река играет	/wiki/%D0%A0%D0%B5%D0%BA%D0%B0_%D0%B8%D0%B3%D1%80%D0%B0%D0%B5%D1%82_(%D0%9A%D0%BE%D1%80%D0%BE%D0%BB%D0%B5%D0%BD%D0%BA%D0%BE)
260	260	40	Парадокс	/wiki/%D0%9F%D0%B0%D1%80%D0%B0%D0%B4%D0%BE%D0%BA%D1%81_(%D0%9A%D0%BE%D1%80%D0%BE%D0%BB%D0%B5%D0%BD%D0%BA%D0%BE)
261	261	40	Огоньки	/wiki/%D0%9E%D0%B3%D0%BE%D0%BD%D1%8C%D0%BA%D0%B8_(%D0%9A%D0%BE%D1%80%D0%BE%D0%BB%D0%B5%D0%BD%D0%BA%D0%BE)
262	262	40	В дурном обществе	/wiki/%D0%92_%D0%B4%D1%83%D1%80%D0%BD%D0%BE%D0%BC_%D0%BE%D0%B1%D1%89%D0%B5%D1%81%D1%82%D0%B2%D0%B5_(%D0%9A%D0%BE%D1%80%D0%BE%D0%BB%D0%B5%D0%BD%D0%BA%D0%BE)
263	263	40	Публицистика	
264	264	40	Письма к Луначарскому	
265	265	41	Дядя Ваня	/wiki/%D0%94%D1%8F%D0%B4%D1%8F_%D0%92%D0%B0%D0%BD%D1%8F_(%D0%A7%D0%B5%D1%85%D0%BE%D0%B2)
266	266	41	Вишнёвый сад	/wiki/%D0%92%D0%B8%D1%88%D0%BD%D1%91%D0%B2%D1%8B%D0%B9_%D1%81%D0%B0%D0%B4_(%D0%A7%D0%B5%D1%85%D0%BE%D0%B2)
267	267	41	Лошадиная фамилия	/wiki/%D0%9B%D0%BE%D1%88%D0%B0%D0%B4%D0%B8%D0%BD%D0%B0%D1%8F_%D1%84%D0%B0%D0%BC%D0%B8%D0%BB%D0%B8%D1%8F_(%D0%A7%D0%B5%D1%85%D0%BE%D0%B2)
268	268	41	Пересолил	/wiki/%D0%9F%D0%B5%D1%80%D0%B5%D1%81%D0%BE%D0%BB%D0%B8%D0%BB_(%D0%A7%D0%B5%D1%85%D0%BE%D0%B2)
269	269	41	Хамелеон	/wiki/%D0%A5%D0%B0%D0%BC%D0%B5%D0%BB%D0%B5%D0%BE%D0%BD_(%D0%A7%D0%B5%D1%85%D0%BE%D0%B2)
270	270	41	Толстый и тонкий	/wiki/%D0%A2%D0%BE%D0%BB%D1%81%D1%82%D1%8B%D0%B9_%D0%B8_%D1%82%D0%BE%D0%BD%D0%BA%D0%B8%D0%B9_(%D0%A7%D0%B5%D1%85%D0%BE%D0%B2)
271	271	41	Злоумышленник	/wiki/%D0%97%D0%BB%D0%BE%D1%83%D0%BC%D1%8B%D1%88%D0%BB%D0%B5%D0%BD%D0%BD%D0%B8%D0%BA_(%D0%A7%D0%B5%D1%85%D0%BE%D0%B2)
272	272	41	Налим	/wiki/%D0%9D%D0%B0%D0%BB%D0%B8%D0%BC_(%D0%A7%D0%B5%D1%85%D0%BE%D0%B2)
273	273	41	Смерть чиновника	/wiki/%D0%A1%D0%BC%D0%B5%D1%80%D1%82%D1%8C_%D1%87%D0%B8%D0%BD%D0%BE%D0%B2%D0%BD%D0%B8%D0%BA%D0%B0_(%D0%A7%D0%B5%D1%85%D0%BE%D0%B2)
274	274	41	Хирургия	/wiki/%D0%A5%D0%B8%D1%80%D1%83%D1%80%D0%B3%D0%B8%D1%8F_(%D0%A7%D0%B5%D1%85%D0%BE%D0%B2)
275	275	41	Размазня	/wiki/%D0%A0%D0%B0%D0%B7%D0%BC%D0%B0%D0%B7%D0%BD%D1%8F_(%D0%A7%D0%B5%D1%85%D0%BE%D0%B2)
276	276	41	На мельнице	/wiki/%D0%9D%D0%B0_%D0%BC%D0%B5%D0%BB%D1%8C%D0%BD%D0%B8%D1%86%D0%B5_(%D0%A7%D0%B5%D1%85%D0%BE%D0%B2)
277	277	41	Волк	/wiki/%D0%92%D0%BE%D0%BB%D0%BA_(%D0%A7%D0%B5%D1%85%D0%BE%D0%B2)
278	278	41	Переполох	/wiki/%D0%9F%D0%B5%D1%80%D0%B5%D0%BF%D0%BE%D0%BB%D0%BE%D1%85_(%D0%A7%D0%B5%D1%85%D0%BE%D0%B2)
279	279	41	Егерь	/wiki/%D0%95%D0%B3%D0%B5%D1%80%D1%8C_(%D0%A7%D0%B5%D1%85%D0%BE%D0%B2)
280	280	41	Тоска	/wiki/%D0%A2%D0%BE%D1%81%D0%BA%D0%B0_(%D0%A7%D0%B5%D1%85%D0%BE%D0%B2)
281	281	41	В аптеке	/wiki/%D0%92_%D0%B0%D0%BF%D1%82%D0%B5%D0%BA%D0%B5_(%D0%A7%D0%B5%D1%85%D0%BE%D0%B2)
282	282	41	Дом с мезонином	/wiki/%D0%94%D0%BE%D0%BC_%D1%81_%D0%BC%D0%B5%D0%B7%D0%BE%D0%BD%D0%B8%D0%BD%D0%BE%D0%BC_(%D0%A7%D0%B5%D1%85%D0%BE%D0%B2)
283	283	41	Анна на шее	/wiki/%D0%90%D0%BD%D0%BD%D0%B0_%D0%BD%D0%B0_%D1%88%D0%B5%D0%B5_(%D0%A7%D0%B5%D1%85%D0%BE%D0%B2)
284	284	41	Беззащитное существо	/wiki/%D0%91%D0%B5%D0%B7%D0%B7%D0%B0%D1%89%D0%B8%D1%82%D0%BD%D0%BE%D0%B5_%D1%81%D1%83%D1%89%D0%B5%D1%81%D1%82%D0%B2%D0%BE_(%D0%A7%D0%B5%D1%85%D0%BE%D0%B2)
285	285	41	Медведь	/wiki/%D0%9C%D0%B5%D0%B4%D0%B2%D0%B5%D0%B4%D1%8C_(%D0%A7%D0%B5%D1%85%D0%BE%D0%B2)
286	286	43	Танька	
287	287	43	Танька	
288	288	43	Лапти	
289	289	43	Сверчок	
290	290	43	Цифры	/wiki/%D0%A6%D0%B8%D1%84%D1%80%D1%8B_(%D0%91%D1%83%D0%BD%D0%B8%D0%BD)
291	291	43	Господин из Сан-Франциско	/wiki/%D0%93%D0%BE%D1%81%D0%BF%D0%BE%D0%B4%D0%B8%D0%BD_%D0%B8%D0%B7_%D0%A1%D0%B0%D0%BD-%D0%A4%D1%80%D0%B0%D0%BD%D1%86%D0%B8%D1%81%D0%BA%D0%BE_(%D0%91%D1%83%D0%BD%D0%B8%D0%BD)
292	292	43	Солнечный удар	
293	293	43	Иоанн-Рыдалец	
294	294	43	Чистый понедельник	
295	295	43	Густой зелёный ельник у дороги	/wiki/%D0%93%D1%83%D1%81%D1%82%D0%BE%D0%B9_%D0%B7%D0%B5%D0%BB%D1%91%D0%BD%D1%8B%D0%B9_%D0%B5%D0%BB%D1%8C%D0%BD%D0%B8%D0%BA_%D1%83_%D0%B4%D0%BE%D1%80%D0%BE%D0%B3%D0%B8_(%D0%91%D1%83%D0%BD%D0%B8%D0%BD)
296	296	43	Густой зелёный ельник у дороги	/wiki/%D0%93%D1%83%D1%81%D1%82%D0%BE%D0%B9_%D0%B7%D0%B5%D0%BB%D1%91%D0%BD%D1%8B%D0%B9_%D0%B5%D0%BB%D1%8C%D0%BD%D0%B8%D0%BA_%D1%83_%D0%B4%D0%BE%D1%80%D0%BE%D0%B3%D0%B8_(%D0%91%D1%83%D0%BD%D0%B8%D0%BD)
297	297	43	Осыпаются астры в садах	/wiki/%D0%9E%D1%81%D1%8B%D0%BF%D0%B0%D1%8E%D1%82%D1%81%D1%8F_%D0%B0%D1%81%D1%82%D1%80%D1%8B_%D0%B2_%D1%81%D0%B0%D0%B4%D0%B0%D1%85_(%D0%91%D1%83%D0%BD%D0%B8%D0%BD)
298	298	43	Перед закатом набежало	/wiki/%D0%9F%D0%B5%D1%80%D0%B5%D0%B4_%D0%B7%D0%B0%D0%BA%D0%B0%D1%82%D0%BE%D0%BC_%D0%BD%D0%B0%D0%B1%D0%B5%D0%B6%D0%B0%D0%BB%D0%BE_(%D0%91%D1%83%D0%BD%D0%B8%D0%BD)
299	299	43	Вечер	/wiki/%D0%92%D0%B5%D1%87%D0%B5%D1%80_(%D0%91%D1%83%D0%BD%D0%B8%D0%BD)
300	300	43	Слово	/wiki/%D0%A1%D0%BB%D0%BE%D0%B2%D0%BE_(%D0%91%D1%83%D0%BD%D0%B8%D0%BD)
301	301	43	Сказка	/wiki/%D0%A1%D0%BA%D0%B0%D0%B7%D0%BA%D0%B0_(%D0%91%D1%83%D0%BD%D0%B8%D0%BD)
302	302	43	Помню-долгий зимний вечер	/wiki/%D0%9F%D0%BE%D0%BC%D0%BD%D1%8E_%E2%80%94_%D0%B4%D0%BE%D0%BB%D0%B3%D0%B8%D0%B9_%D0%B7%D0%B8%D0%BC%D0%BD%D0%B8%D0%B9_%D0%B2%D0%B5%D1%87%D0%B5%D1%80_(%D0%91%D1%83%D0%BD%D0%B8%D0%BD)
303	303	43	Летняя ночь	/wiki/%D0%9B%D0%B5%D1%82%D0%BD%D1%8F%D1%8F_%D0%BD%D0%BE%D1%87%D1%8C_(%D0%91%D1%83%D0%BD%D0%B8%D0%BD)
304	304	43	Первый утренник, серебряный мороз	/wiki/%D0%9F%D0%B5%D1%80%D0%B2%D1%8B%D0%B9_%D1%83%D1%82%D1%80%D0%B5%D0%BD%D0%BD%D0%B8%D0%BA,_%D1%81%D0%B5%D1%80%D0%B5%D0%B1%D1%80%D1%8F%D0%BD%D1%8B%D0%B9_%D0%BC%D0%BE%D1%80%D0%BE%D0%B7!_(%D0%91%D1%83%D0%BD%D0%B8%D0%BD)
305	305	43	Ещё и холоден и сыр	/wiki/%D0%95%D1%89%D1%91_%D0%B8_%D1%85%D0%BE%D0%BB%D0%BE%D0%B4%D0%B5%D0%BD_%D0%B8_%D1%81%D1%8B%D1%80_(%D0%91%D1%83%D0%BD%D0%B8%D0%BD)
306	306	43	Детство	/wiki/%D0%94%D0%B5%D1%82%D1%81%D1%82%D0%B2%D0%BE_(%D0%91%D1%83%D0%BD%D0%B8%D0%BD)
307	307	43	Родина	/wiki/%D0%A0%D0%BE%D0%B4%D0%B8%D0%BD%D0%B0_(%D0%91%D1%83%D0%BD%D0%B8%D0%BD)
308	308	43	За веком век	
309	309	43	Труд	
310	310	44	У чудищ	/wiki/%D0%A3_%D1%87%D1%83%D0%B4%D0%B8%D1%89_(%D0%91%D0%B0%D0%BB%D1%8C%D0%BC%D0%BE%D0%BD%D1%82)
311	311	44	Осень	/wiki/%D0%9E%D1%81%D0%B5%D0%BD%D1%8C
312	312	44	Снежинка	/wiki/%D0%A1%D0%BD%D0%B5%D0%B6%D0%B8%D0%BD%D0%BA%D0%B0_(%D0%91%D0%B0%D0%BB%D1%8C%D0%BC%D0%BE%D0%BD%D1%82)
313	313	44	Золотая рыбка	/wiki/%D0%97%D0%BE%D0%BB%D0%BE%D1%82%D0%B0%D1%8F_%D1%80%D1%8B%D0%B1%D0%BA%D0%B0_(%D0%91%D0%B0%D0%BB%D1%8C%D0%BC%D0%BE%D0%BD%D1%82)
314	314	48	Мартовская капель	
315	315	48	Как я встречался с Чеховым	
316	316	48	За карасями	
317	317	49	Рождение сказки	
318	318	49	Тёплый хлеб	https://wikilivres.org/wiki/%D0%A2%D1%91%D0%BF%D0%BB%D1%8B%D0%B9_%D1%85%D0%BB%D0%B5%D0%B1_(%D0%9F%D0%B0%D1%83%D1%81%D1%82%D0%BE%D0%B2%D1%81%D0%BA%D0%B8%D0%B9)
319	319	49	Телеграмма	https://wikilivres.org/wiki/%D0%A2%D0%B5%D0%BB%D0%B5%D0%B3%D1%80%D0%B0%D0%BC%D0%BC%D0%B0_(%D0%9F%D0%B0%D1%83%D1%81%D1%82%D0%BE%D0%B2%D1%81%D0%BA%D0%B8%D0%B9)
320	320	50	В парке плакала девочка	
321	321	50	Что шепчет парк	
322	322	51	Змей	
323	323	52	Мы	/wiki/%D0%9C%D1%8B_(%D0%97%D0%B0%D0%BC%D1%8F%D1%82%D0%B8%D0%BD)
324	324	52	Огненное А	
325	325	53	Олеся	/wiki/%D0%9E%D0%BB%D0%B5%D1%81%D1%8F_(%D0%9A%D1%83%D0%BF%D1%80%D0%B8%D0%BD)
326	326	53	Гранатовый браслет	/wiki/%D0%93%D1%80%D0%B0%D0%BD%D0%B0%D1%82%D0%BE%D0%B2%D1%8B%D0%B9_%D0%B1%D1%80%D0%B0%D1%81%D0%BB%D0%B5%D1%82_(%D0%9A%D1%83%D0%BF%D1%80%D0%B8%D0%BD)
327	327	53	Поединок	/wiki/%D0%9F%D0%BE%D0%B5%D0%B4%D0%B8%D0%BD%D0%BE%D0%BA_(%D0%9A%D1%83%D0%BF%D1%80%D0%B8%D0%BD)
328	328	53	Тапёр	/wiki/%D0%A2%D0%B0%D0%BF%D1%91%D1%80_(%D0%9A%D1%83%D0%BF%D1%80%D0%B8%D0%BD)
329	329	53	Мой полёт	
330	330	53	Добрый доктор	
331	331	53	Белый пудель	/wiki/%D0%91%D0%B5%D0%BB%D1%8B%D0%B9_%D0%BF%D1%83%D0%B4%D0%B5%D0%BB%D1%8C_(%D0%9A%D1%83%D0%BF%D1%80%D0%B8%D0%BD)
332	332	54	Мещане	/wiki/%D0%9C%D0%B5%D1%89%D0%B0%D0%BD%D0%B5_(%D0%93%D0%BE%D1%80%D1%8C%D0%BA%D0%B8%D0%B9)
333	333	54	Егор Булычёв и другие	
334	334	54	Фома Гордеев	
335	335	54	Мать	/wiki/%D0%9C%D0%B0%D1%82%D1%8C_(%D0%93%D0%BE%D1%80%D1%8C%D0%BA%D0%B8%D0%B9)
336	336	54	На дне	/wiki/%D0%9D%D0%B0_%D0%B4%D0%BD%D0%B5_(%D0%93%D0%BE%D1%80%D1%8C%D0%BA%D0%B8%D0%B9)
337	337	54	Мои университеты	
338	338	54	Старуха Изергиль	/wiki/%D0%A1%D1%82%D0%B0%D1%80%D1%83%D1%85%D0%B0_%D0%98%D0%B7%D0%B5%D1%80%D0%B3%D0%B8%D0%BB%D1%8C_(%D0%93%D0%BE%D1%80%D1%8C%D0%BA%D0%B8%D0%B9)
339	339	54	Макар Чудра	/wiki/%D0%9C%D0%B0%D0%BA%D0%B0%D1%80_%D0%A7%D1%83%D0%B4%D1%80%D0%B0_(%D0%93%D0%BE%D1%80%D1%8C%D0%BA%D0%B8%D0%B9)
340	340	54	Детство	/wiki/%D0%94%D0%B5%D1%82%D1%81%D1%82%D0%B2%D0%BE_(%D0%93%D0%BE%D1%80%D1%8C%D0%BA%D0%B8%D0%B9)
341	341	54	Песня о Соколе	
342	342	54	Челкаш	/wiki/%D0%A7%D0%B5%D0%BB%D0%BA%D0%B0%D1%88_(%D0%93%D0%BE%D1%80%D1%8C%D0%BA%D0%B8%D0%B9)
343	343	54	Сказки об Италии	
344	344	54	Ма-аленькая!	/wiki/%D0%9C%D0%B0-%D0%B0%D0%BB%D0%B5%D0%BD%D1%8C%D0%BA%D0%B0%D1%8F!_(%D0%93%D0%BE%D1%80%D1%8C%D0%BA%D0%B8%D0%B9)
345	345	54	Несвоевременные мысли	/wiki/%D0%A0%D0%B5%D0%B2%D0%BE%D0%BB%D1%8E%D1%86%D0%B8%D1%8F_%D0%B8_%D0%BA%D1%83%D0%BB%D1%8C%D1%82%D1%83%D1%80%D0%B0_(%D0%93%D0%BE%D1%80%D1%8C%D0%BA%D0%B8%D0%B9_1918)
346	346	54	Литературные портреты	
347	347	54	Публицистика	
348	348	56	Двенадцать	/wiki/%D0%94%D0%B2%D0%B5%D0%BD%D0%B0%D0%B4%D1%86%D0%B0%D1%82%D1%8C_(%D0%91%D0%BB%D0%BE%D0%BA)
349	349	56	Родина	/wiki/%D0%A0%D0%BE%D0%B4%D0%B8%D0%BD%D0%B0_(%D0%91%D0%BB%D0%BE%D0%BA)
350	350	56	На железной дороге	/wiki/%D0%9D%D0%B0_%D0%B6%D0%B5%D0%BB%D0%B5%D0%B7%D0%BD%D0%BE%D0%B9_%D0%B4%D0%BE%D1%80%D0%BE%D0%B3%D0%B5_(%D0%91%D0%BB%D0%BE%D0%BA)
351	351	56	О, я хочу безумно жить...	/wiki/%D0%9E,_%D1%8F_%D1%85%D0%BE%D1%87%D1%83_%D0%B1%D0%B5%D0%B7%D1%83%D0%BC%D0%BD%D0%BE_%D0%B6%D0%B8%D1%82%D1%8C_(%D0%91%D0%BB%D0%BE%D0%BA)
352	352	56	Да, так диктует вдохновенье…	/wiki/%D0%94%D0%B0._%D0%A2%D0%B0%D0%BA_%D0%B4%D0%B8%D0%BA%D1%82%D1%83%D0%B5%D1%82_%D0%B2%D0%B4%D0%BE%D1%85%D0%BD%D0%BE%D0%B2%D0%B5%D0%BD%D1%8C%D0%B5_(%D0%91%D0%BB%D0%BE%D0%BA)
353	353	56	Сольвейг	/wiki/%D0%A1%D0%BE%D0%BB%D1%8C%D0%B2%D0%B5%D0%B9%D0%B3_(%D0%91%D0%BB%D0%BE%D0%BA)
354	354	56	Ты-как отзвук забытого гимна	/wiki/%D0%A2%D1%8B_%E2%80%94_%D0%BA%D0%B0%D0%BA_%D0%BE%D1%82%D0%B7%D0%B2%D1%83%D0%BA_%D0%B7%D0%B0%D0%B1%D1%8B%D1%82%D0%BE%D0%B3%D0%BE_%D0%B3%D0%B8%D0%BC%D0%BD%D0%B0_(%D0%91%D0%BB%D0%BE%D0%BA)
355	355	56	О доблестях, о подвигах, о славе…	/wiki/%D0%9E_%D0%B4%D0%BE%D0%B1%D0%BB%D0%B5%D1%81%D1%82%D1%8F%D1%85,_%D0%BE_%D0%BF%D0%BE%D0%B4%D0%B2%D0%B8%D0%B3%D0%B0%D1%85,_%D0%BE_%D1%81%D0%BB%D0%B0%D0%B2%D0%B5_(%D0%91%D0%BB%D0%BE%D0%BA)
356	356	56	Летний вечер	/wiki/%D0%9B%D0%B5%D1%82%D0%BD%D0%B8%D0%B9_%D0%B2%D0%B5%D1%87%D0%B5%D1%80_(%D0%91%D0%BB%D0%BE%D0%BA)
357	357	56	О как безумно за окном...	/wiki/%D0%9E,_%D0%BA%D0%B0%D0%BA_%D0%B1%D0%B5%D0%B7%D1%83%D0%BC%D0%BD%D0%BE_%D0%B7%D0%B0_%D0%BE%D0%BA%D0%BD%D0%BE%D0%BC_(%D0%91%D0%BB%D0%BE%D0%BA)
358	358	56	О весна без конца и без краю…	/wiki/%D0%9E,_%D0%B2%D0%B5%D1%81%D0%BD%D0%B0_%D0%B1%D0%B5%D0%B7_%D0%BA%D0%BE%D0%BD%D1%86%D0%B0_%D0%B8_%D0%B1%D0%B5%D0%B7_%D0%BA%D1%80%D0%B0%D1%8E_(%D0%91%D0%BB%D0%BE%D0%BA)
359	359	56	Ветер принёс издалека…	/wiki/%D0%92%D0%B5%D1%82%D0%B5%D1%80_%D0%BF%D1%80%D0%B8%D0%BD%D0%B5%D1%81_%D0%B8%D0%B7%D0%B4%D0%B0%D0%BB%D1%91%D0%BA%D0%B0_(%D0%91%D0%BB%D0%BE%D0%BA)
360	360	56	Заклятие огнём и мраком	
361	361	56	В ресторане	/wiki/%D0%92_%D1%80%D0%B5%D1%81%D1%82%D0%BE%D1%80%D0%B0%D0%BD%D0%B5_(%D0%91%D0%BB%D0%BE%D0%BA)
362	362	56	Как тяжело ходить среди людей…	/wiki/%D0%9A%D0%B0%D0%BA_%D1%82%D1%8F%D0%B6%D0%B5%D0%BB%D0%BE_%D1%85%D0%BE%D0%B4%D0%B8%D1%82%D1%8C_%D1%81%D1%80%D0%B5%D0%B4%D0%B8_%D0%BB%D1%8E%D0%B4%D0%B5%D0%B9_(%D0%91%D0%BB%D0%BE%D0%BA)
363	363	56	Возмездие	/wiki/%D0%92%D0%BE%D0%B7%D0%BC%D0%B5%D0%B7%D0%B4%D0%B8%D0%B5_(%D0%91%D0%BB%D0%BE%D0%BA)
364	364	56	Ямбы	/wiki/%D0%AF%D0%BC%D0%B1%D1%8B_(%D0%91%D0%BB%D0%BE%D0%BA)
365	365	56	Ушла. Но гиацинты ждали…	
366	366	57	Клоп	/wiki/%D0%9A%D0%BB%D0%BE%D0%BF
367	367	57	Баня	/wiki/%D0%91%D0%B0%D0%BD%D1%8F
368	368	57	Прозаседавшиеся	/wiki/%D0%9F%D1%80%D0%BE%D0%B7%D0%B0%D1%81%D0%B5%D0%B4%D0%B0%D0%B2%D1%88%D0%B8%D0%B5%D1%81%D1%8F
369	369	57	Облако в штанах	/wiki/%D0%9E%D0%B1%D0%BB%D0%B0%D0%BA%D0%BE_%D0%B2_%D1%88%D1%82%D0%B0%D0%BD%D0%B0%D1%85
370	370	57	Во весь голос	/wiki/%D0%92%D0%BE_%D0%B2%D0%B5%D1%81%D1%8C_%D0%B3%D0%BE%D0%BB%D0%BE%D1%81
371	371	57	Нате	/wiki/%D0%9D%D0%B0%D1%82%D0%B5
372	372	57	А вы могли бы?	/wiki/%D0%90_%D0%B2%D1%8B_%D0%BC%D0%BE%D0%B3%D0%BB%D0%B8_%D0%B1%D1%8B%3F
373	373	57	Послушайте	/wiki/%D0%9F%D0%BE%D1%81%D0%BB%D1%83%D1%88%D0%B0%D0%B9%D1%82%D0%B5
374	374	57	Хорошее отношение к лошадям	/wiki/%D0%A5%D0%BE%D1%80%D0%BE%D1%88%D0%B5%D0%B5_%D0%BE%D1%82%D0%BD%D0%BE%D1%88%D0%B5%D0%BD%D0%B8%D0%B5_%D0%BA_%D0%BB%D0%BE%D1%88%D0%B0%D0%B4%D1%8F%D0%BC
375	375	57	Необычайное приключение, бывшее с Владимиром Маяковским на даче	/wiki/%D0%9D%D0%B5%D0%BE%D0%B1%D1%8B%D1%87%D0%B0%D0%B9%D0%BD%D0%BE%D0%B5_%D0%BF%D1%80%D0%B8%D0%BA%D0%BB%D1%8E%D1%87%D0%B5%D0%BD%D0%B8%D0%B5,_%D0%B1%D1%8B%D0%B2%D1%88%D0%B5%D0%B5_%D1%81_%D0%92%D0%BB%D0%B0%D0%B4%D0%B8%D0%BC%D0%B8%D1%80%D0%BE%D0%BC_%D0%9C%D0%B0%D1%8F%D0%BA%D0%BE%D0%B2%D1%81%D0%BA%D0%B8%D0%BC_%D0%BD%D0%B0_%D0%B4%D0%B0%D1%87%D0%B5
376	376	57	Подлиза	/wiki/%D0%9F%D0%BE%D0%B4%D0%BB%D0%B8%D0%B7%D0%B0
377	377	57	Люблю	/wiki/%D0%9B%D1%8E%D0%B1%D0%BB%D1%8E
378	378	58	Анна Снегина	/wiki/%D0%90%D0%BD%D0%BD%D0%B0_%D0%A1%D0%BD%D0%B5%D0%B3%D0%B8%D0%BD%D0%B0
379	379	58	Отговорила роща золотая	/wiki/%D0%9E%D1%82%D0%B3%D0%BE%D0%B2%D0%BE%D1%80%D0%B8%D0%BB%D0%B0_%D1%80%D0%BE%D1%89%D0%B0_%D0%B7%D0%BE%D0%BB%D0%BE%D1%82%D0%B0%D1%8F
380	380	58	Несказанное, синее, нежное	/wiki/%D0%9D%D0%B5%D1%81%D0%BA%D0%B0%D0%B7%D0%B0%D0%BD%D0%BD%D0%BE%D0%B5,_%D1%81%D0%B8%D0%BD%D0%B5%D0%B5,_%D0%BD%D0%B5%D0%B6%D0%BD%D0%BE%D0%B5
381	381	58	С добрым утром	/wiki/%D0%A1_%D0%B4%D0%BE%D0%B1%D1%80%D1%8B%D0%BC_%D1%83%D1%82%D1%80%D0%BE%D0%BC
382	382	58	Я покинул родимый дом	/wiki/%D0%AF_%D0%BF%D0%BE%D0%BA%D0%B8%D0%BD%D1%83%D0%BB_%D1%80%D0%BE%D0%B4%D0%B8%D0%BC%D1%8B%D0%B9_%D0%B4%D0%BE%D0%BC
383	383	58	Не жалею, не зову, не плачу	/wiki/%D0%9D%D0%B5_%D0%B6%D0%B0%D0%BB%D0%B5%D1%8E,_%D0%BD%D0%B5_%D0%B7%D0%BE%D0%B2%D1%83,_%D0%BD%D0%B5_%D0%BF%D0%BB%D0%B0%D1%87%D1%83
384	384	58	Низкий дом с голубыми ставнями	/wiki/%D0%9D%D0%B8%D0%B7%D0%BA%D0%B8%D0%B9_%D0%B4%D0%BE%D0%BC_%D1%81_%D0%B3%D0%BE%D0%BB%D1%83%D0%B1%D1%8B%D0%BC%D0%B8_%D1%81%D1%82%D0%B0%D0%B2%D0%BD%D1%8F%D0%BC%D0%B8
385	385	58	Я иду долиной. На затылке кепи	/wiki/%D0%AF_%D0%B8%D0%B4%D1%83_%D0%B4%D0%BE%D0%BB%D0%B8%D0%BD%D0%BE%D0%B9._%D0%9D%D0%B0_%D0%B7%D0%B0%D1%82%D1%8B%D0%BB%D0%BA%D0%B5_%D0%BA%D0%B5%D0%BF%D0%B8
386	386	58	Собаке Качалова	/wiki/%D0%A1%D0%BE%D0%B1%D0%B0%D0%BA%D0%B5_%D0%9A%D0%B0%D1%87%D0%B0%D0%BB%D0%BE%D0%B2%D0%B0
387	387	58	Мелколесье. Степь и дали	/wiki/%D0%9C%D0%B5%D0%BB%D0%BA%D0%BE%D0%BB%D0%B5%D1%81%D1%8C%D0%B5._%D0%A1%D1%82%D0%B5%D0%BF%D1%8C_%D0%B8_%D0%B4%D0%B0%D0%BB%D0%B8
388	388	58	Пороша	/wiki/%D0%9F%D0%BE%D1%80%D0%BE%D1%88%D0%B0
389	389	58	Вот уж вечер	/wiki/%D0%92%D0%BE%D1%82_%D1%83%D0%B6_%D0%B2%D0%B5%D1%87%D0%B5%D1%80
390	390	58	Гой ты, Русь, моя родная	/wiki/%D0%93%D0%BE%D0%B9_%D1%82%D1%8B,_%D0%A0%D1%83%D1%81%D1%8C,_%D0%BC%D0%BE%D1%8F_%D1%80%D0%BE%D0%B4%D0%BD%D0%B0%D1%8F
391	391	58	Край ты мой заброшенный	/wiki/%D0%9A%D1%80%D0%B0%D0%B9_%D1%82%D1%8B_%D0%BC%D0%BE%D0%B9_%D0%B7%D0%B0%D0%B1%D1%80%D0%BE%D1%88%D0%B5%D0%BD%D0%BD%D1%8B%D0%B9
392	392	58	Разбуди меня завтра рано	/wiki/%D0%A0%D0%B0%D0%B7%D0%B1%D1%83%D0%B4%D0%B8_%D0%BC%D0%B5%D0%BD%D1%8F_%D0%B7%D0%B0%D0%B2%D1%82%D1%80%D0%B0_%D1%80%D0%B0%D0%BD%D0%BE
393	393	58	Письмо к женщине	/wiki/%D0%9F%D0%B8%D1%81%D1%8C%D0%BC%D0%BE_%D0%BA_%D0%B6%D0%B5%D0%BD%D1%89%D0%B8%D0%BD%D0%B5
394	394	58	Шаганэ ты моя, Шаганэ!	/wiki/%D0%A8%D0%B0%D0%B3%D0%B0%D0%BD%D1%8D_%D1%82%D1%8B_%D0%BC%D0%BE%D1%8F,_%D0%A8%D0%B0%D0%B3%D0%B0%D0%BD%D1%8D!
395	395	58	До свиданья, друг мой, до свиданья	/wiki/%D0%94%D0%BE_%D1%81%D0%B2%D0%B8%D0%B4%D0%B0%D0%BD%D1%8C%D1%8F,_%D0%B4%D1%80%D1%83%D0%B3_%D0%BC%D0%BE%D0%B9,_%D0%B4%D0%BE_%D1%81%D0%B2%D0%B8%D0%B4%D0%B0%D0%BD%D1%8C%D1%8F
396	396	58	Топи да болота	/wiki/%D0%A2%D0%BE%D0%BF%D0%B8_%D0%B4%D0%B0_%D0%B1%D0%BE%D0%BB%D0%BE%D1%82%D0%B0
397	397	59	Кладовая солнца	https://wikilivres.org/wiki/%D0%9A%D0%BB%D0%B0%D0%B4%D0%BE%D0%B2%D0%B0%D1%8F_%D1%81%D0%BE%D0%BB%D0%BD%D1%86%D0%B0_(%D0%9F%D1%80%D0%B8%D1%88%D0%B2%D0%B8%D0%BD)
398	398	60	Кусака	/wiki/%D0%9A%D1%83%D1%81%D0%B0%D0%BA%D0%B0
399	399	61	Железный поток	
400	400	62	Бронепоезд 14-69	
401	401	63	Конармия	
402	402	64	Россия, кровью умытая	
403	403	65	Разгром	
404	404	66	Голый год	
405	405	67	Ветер	
406	406	68	Чапаев	
407	407	69	В тупике	
408	408	70	Двенадцать стульев	
409	409	71	Ностальгия	
410	410	75	Не позволяй душе лениться…	
411	411	75	Журавли	
412	412	75	Одинокий дуб	
413	413	75	Я не ищу гармонии в природе	
414	414	75	О красоте человеческих лиц	
415	415	75	Где-то в поле возле Магадана	
416	416	75	Можжевеловый куст	
417	417	75	Завещание	
418	418	75	Я воспитан природой суровой	
419	419	76	Великие путешественники	
420	420	76	Галоша	
421	421	76	Встреча	
422	422	76	Монтёр	
423	423	77	Дюжина ножей в спину революции	/wiki/%D0%94%D1%8E%D0%B6%D0%B8%D0%BD%D0%B0_%D0%BD%D0%BE%D0%B6%D0%B5%D0%B9_%D0%B2_%D1%81%D0%BF%D0%B8%D0%BD%D1%83_%D1%80%D0%B5%D0%B2%D0%BE%D0%BB%D1%8E%D1%86%D0%B8%D0%B8_(%D0%90%D0%B2%D0%B5%D1%80%D1%87%D0%B5%D0%BD%D0%BA%D0%BE)
424	424	77	Смерть африканского охотника	/wiki/%D0%A1%D0%BC%D0%B5%D1%80%D1%82%D1%8C_%D0%B0%D1%84%D1%80%D0%B8%D0%BA%D0%B0%D0%BD%D1%81%D0%BA%D0%BE%D0%B3%D0%BE_%D0%BE%D1%85%D0%BE%D1%82%D0%BD%D0%B8%D0%BA%D0%B0_(%D0%90%D0%B2%D0%B5%D1%80%D1%87%D0%B5%D0%BD%D0%BA%D0%BE)
425	425	78	Реквием	
426	426	78	Мужество	
427	427	78	А там мой мраморный двойник	
428	428	78	Стихи о Петербурге	
429	429	78	Песня о песне	
430	430	78	Молитва	
431	431	78	Сразу стало тихо в доме	
432	432	78	Я спросила у кукушки	
433	433	78	Мне голос был	
434	434	78	Дальний глас	
435	435	78	Муза	
436	436	78	Двустишие	
437	437	78	Пушкин	
438	438	78	Перед весной бывают дни такие…	
439	439	78	Клятва	
440	440	78	Песня мира	
441	441	78	Сероглазый король	
442	442	78	Из книги „Четки“	
443	443	78	Из книги „Белая стая“	
444	444	78	Из книги „Вечер“	
445	445	78	Из книги „Подорожник“	
446	446	78	Из книги „ANNO DOMINI“	
447	447	78	Из книги „Тростник“	
448	448	78	Ветер войны	
449	449	78	Не с теми я, кто бросил землю	
450	450	78	Что ты бродишь неприкаянный…	
451	451	78	И упало каменное слово	
452	452	79	Книги в красном переплете	/wiki/%D0%9A%D0%BD%D0%B8%D0%B3%D0%B8_%D0%B2_%D0%BA%D1%80%D0%B0%D1%81%D0%BD%D0%BE%D0%BC_%D0%BF%D0%B5%D1%80%D0%B5%D0%BF%D0%BB%D0%B5%D1%82%D0%B5
453	453	79	Моим стихам, написанным так рано	/wiki/%D0%9C%D0%BE%D0%B8%D0%BC_%D1%81%D1%82%D0%B8%D1%85%D0%B0%D0%BC,_%D0%BD%D0%B0%D0%BF%D0%B8%D1%81%D0%B0%D0%BD%D0%BD%D1%8B%D0%BC_%D1%82%D0%B0%D0%BA_%D1%80%D0%B0%D0%BD%D0%BE
454	454	79	Идёшь, на меня похожий	/wiki/%D0%98%D0%B4%D1%91%D1%88%D1%8C,_%D0%BD%D0%B0_%D0%BC%D0%B5%D0%BD%D1%8F_%D0%BF%D0%BE%D1%85%D0%BE%D0%B6%D0%B8%D0%B9
455	455	79	Бабушке	/wiki/%D0%91%D0%B0%D0%B1%D1%83%D1%88%D0%BA%D0%B5
456	456	79	С большою нежностью	/wiki/%D0%A1_%D0%B1%D0%BE%D0%BB%D1%8C%D1%88%D0%BE%D1%8E_%D0%BD%D0%B5%D0%B6%D0%BD%D0%BE%D1%81%D1%82%D1%8C%D1%8E
457	457	79	Стихи о Москве	/wiki/%D0%A1%D1%82%D0%B8%D1%85%D0%B8_%D0%BE_%D0%9C%D0%BE%D1%81%D0%BA%D0%B2%D0%B5
458	458	79	Родина	/wiki/%D0%A0%D0%BE%D0%B4%D0%B8%D0%BD%D0%B0_(%D0%A6%D0%B2%D0%B5%D1%82%D0%B0%D0%B5%D0%B2%D0%B0)
459	459	79	Мне нравится, что вы больны не мною	/wiki/%D0%9C%D0%BD%D0%B5_%D0%BD%D1%80%D0%B0%D0%B2%D0%B8%D1%82%D1%81%D1%8F,_%D1%87%D1%82%D0%BE_%D0%B2%D1%8B_%D0%B1%D0%BE%D0%BB%D1%8C%D0%BD%D1%8B_%D0%BD%D0%B5_%D0%BC%D0%BD%D0%BE%D1%8E
460	460	79	Откуда такая нежность?	/wiki/%D0%9E%D1%82%D0%BA%D1%83%D0%B4%D0%B0_%D1%82%D0%B0%D0%BA%D0%B0%D1%8F_%D0%BD%D0%B5%D0%B6%D0%BD%D0%BE%D1%81%D1%82%D1%8C%3F
461	461	79	Стихи к Блоку	/wiki/%D0%A1%D1%82%D0%B8%D1%85%D0%B8_%D0%BA_%D0%91%D0%BB%D0%BE%D0%BA%D1%83
462	462	79	Ахматовой	/wiki/%D0%90%D1%85%D0%BC%D0%B0%D1%82%D0%BE%D0%B2%D0%BE%D0%B9_(%D0%A6%D0%B2%D0%B5%D1%82%D0%B0%D0%B5%D0%B2%D0%B0)
463	463	81	Чевенгур	
464	464	81	Котлован	
465	465	81	Волшебное кольцо	
466	466	81	Неизвестный цветок	
467	467	81	На заре туманной юности	
468	468	81	Корова	
469	469	81	Юшка	
470	470	81	Сокровенный человек	
471	471	81	Шарманка	
472	472	81	Впрок	
473	473	82	Зелёная лампа	/wiki/%D0%97%D0%B5%D0%BB%D1%91%D0%BD%D0%B0%D1%8F_%D0%BB%D0%B0%D0%BC%D0%BF%D0%B0_(%D0%93%D1%80%D0%B8%D0%BD)
474	474	83	Кабала святош	
475	475	83	Бег	/wiki/%D0%91%D0%B5%D0%B3
476	476	83	Белая гвардия	/wiki/%D0%91%D0%B5%D0%BB%D0%B0%D1%8F_%D0%B3%D0%B2%D0%B0%D1%80%D0%B4%D0%B8%D1%8F
477	477	83	Собачье сердце	https://wikilivres.org/wiki/%D0%A1%D0%BE%D0%B1%D0%B0%D1%87%D1%8C%D0%B5_%D1%81%D0%B5%D1%80%D0%B4%D1%86%D0%B5
478	478	83	Мастер и Маргарита	https://wikilivres.org/wiki/%D0%9C%D0%B0%D1%81%D1%82%D0%B5%D1%80_%D0%B8_%D0%9C%D0%B0%D1%80%D0%B3%D0%B0%D1%80%D0%B8%D1%82%D0%B0
479	479	83	Похождения Чичикова	/wiki/%D0%9F%D0%BE%D1%85%D0%BE%D0%B6%D0%B4%D0%B5%D0%BD%D0%B8%D1%8F_%D0%A7%D0%B8%D1%87%D0%B8%D0%BA%D0%BE%D0%B2%D0%B0
480	480	84	Василий Тёркин	
481	481	84	За далью даль	
482	482	84	Страна Муравия	
483	483	84	Я убит подо Ржевом	
484	484	84	Братья	
485	485	84	Спасибо	
486	486	84	Снега потемнеют синие…	
487	487	84	Июль, макушка лета…	
488	488	84	На дне моей жизни…	
489	489	84	Урожай	
490	490	84	Родное	
491	491	84	Весенние строчки	
492	492	84	Матери	
493	493	85	Смерть Вазир-Мухтара	
494	494	87	Доктор Живаго	
495	495	90	Тихий Дон	
496	496	90	Поднятая целина	
497	497	90	Судьба человека	
498	498	90	Нахалёнок	
499	499	95	О чём плачут лошади	
500	500	95	Тетралогия Пряслины:	
501	501	95	Две зимы и три лета	
502	502	95	Братья и сестры	
503	503	95	Пути-перепутья	
504	504	95	Дом	
505	505	95	Поездка в прошлое	
506	506	96	И дольше века длится день…	
507	507	96	Плаха	
508	508	97	Обелиск	
509	509	97	Сотников	
510	510	97	"""Облава"""	
511	511	98	Вам продолжать эту жизнь	
512	512	98	Васюткино озеро	
513	513	98	Игры	
514	514	98	Конь с розовой гривой	
515	515	98	Фотография, на которой меня нет	
516	516	98	Царь-рыба	
517	517	98	Печальный детектив	
518	518	100	Заповедник сказок	
519	519	100	Когда мне было 12 лет	
520	520	104	Уроки французского	
521	521	104	Последний срок	
522	522	104	Прощание с Матерой	
523	523	104	Живи и помни	
524	524	105	Тишина	
525	525	105	Дубравка	
526	526	109	Свидание	
527	527	109	Прошлым летом в Чулимске	
528	528	109	Старший сын	
529	529	112	Иркутская история	
530	530	112	Жестокие игры	
531	531	113	В добрый час!	
532	532	113	Гнездо глухаря	
533	533	114	Звезда полей	
534	534	114	Тихая моя родина…	
535	535	114	Посвящение другу	
536	536	120	Один день Ивана Денисовича	
537	537	120	Матрёнин двор	
538	538	120	Архипелаг ГУЛАГ	
539	539	120	Как нам обустроить Россию	
540	540	124	Россия	
541	541	124	Азия	
542	542	124	Европа	
543	543	124	Америка	
544	544	125	Тысяча и одна ночь	/wiki/%D0%A2%D1%8B%D1%81%D1%8F%D1%87%D0%B0_%D0%B8_%D0%BE%D0%B4%D0%BD%D0%B0_%D0%BD%D0%BE%D1%87%D1%8C
545	545	125	Путешествие Синдбада-морехода	
546	546	127	Титан Атлант и счастливая Аркадия	
547	547	127	Атлант и Геракл	
548	548	127	Скотный двор царя Авгия	
549	549	127	Яблоки Гесперид	
550	550	127	Геродот	/wiki/%D0%93%D0%B5%D1%80%D0%BE%D0%B4%D0%BE%D1%82
551	551	131	Библия для детей	
552	552	131	Новый завет	/wiki/%D0%9D%D0%BE%D0%B2%D1%8B%D0%B9_%D0%B7%D0%B0%D0%B2%D0%B5%D1%82
553	553	132	Одиссея	/wiki/%D0%9E%D0%B4%D0%B8%D1%81%D1%81%D0%B5%D1%8F
554	554	135	Ромео и Джульетта	/wiki/%D0%A0%D0%BE%D0%BC%D0%B5%D0%BE_%D0%B8_%D0%94%D0%B6%D1%83%D0%BB%D1%8C%D0%B5%D1%82%D1%82%D0%B0
555	555	135	Гамлет	/wiki/%D0%93%D0%B0%D0%BC%D0%BB%D0%B5%D1%82
556	556	136	Честная бедность	
557	557	137	Мещанин во дворянстве или Скупой	
558	558	137	Тартюф	
559	559	138	Дон Кихот	
560	560	139	Фауст	/wiki/%D0%A4%D0%B0%D1%83%D1%81%D1%82
561	561	142	Ты кончил жизнь в пути, герой!..	
562	562	142	Лирика	
563	563	144	Человеческая комедия	
564	564	145	Саламбо	
565	565	146	Соловей	/wiki/%D0%A1%D0%BE%D0%BB%D0%BE%D0%B2%D0%B5%D0%B9_(%D0%90%D0%BD%D0%B4%D0%B5%D1%80%D1%81%D0%B5%D0%BD;_%D0%93%D0%B0%D0%BD%D0%B7%D0%B5%D0%BD)
566	566	147	Собор Парижской Богоматери	
567	567	148	Робинзон Крузо	/wiki/%D0%A0%D0%BE%D0%B1%D0%B8%D0%BD%D0%B7%D0%BE%D0%BD_%D0%9A%D1%80%D1%83%D0%B7%D0%BE
568	568	149	Рассказы	
569	569	149	Любовь к жизни	
570	570	150	Лягушонок	/wiki/%D0%9B%D1%8F%D0%B3%D1%83%D1%88%D0%BE%D0%BD%D0%BE%D0%BA
571	571	151	Отец и сын	/wiki/%D0%9E%D1%82%D0%B5%D1%86_%D0%B8_%D1%81%D1%8B%D0%BD
572	572	152	Дары волхвов	
573	573	153	Черепаха	/wiki/%D0%A7%D0%B5%D1%80%D0%B5%D0%BF%D0%B0%D1%85%D0%B0
574	574	154	Снап	
575	575	155	Приключения Тома Сойера	
576	576	155	Приключения Гекльберри Финна	
577	577	156	Маленький принц	
578	578	157	Алиса в стране чудес	/wiki/%D0%90%D0%BB%D0%B8%D1%81%D0%B0_%D0%B2_%D1%81%D1%82%D1%80%D0%B0%D0%BD%D0%B5_%D1%87%D1%83%D0%B4%D0%B5%D1%81
579	579	157	Соня въ царствѣ дива	/wiki/%D0%A1%D0%BE%D0%BD%D1%8F_%D0%B2_%D1%86%D0%B0%D1%80%D1%81%D1%82%D0%B2%D0%B5_%D0%B4%D0%B8%D0%B2%D0%B0_(%D0%9A%D1%8D%D1%80%D1%80%D0%BE%D0%BB%D0%BB)/1879_(%D0%94%D0%9E)
580	580	157	Аня в стране чудес	
581	581	158	Приключения Калле Блумквиста	
582	582	158	Расмус-бродяга	
583	583	159	Каникулы	
584	584	159	Зелёное утро	
585	585	159	Вино из одуванчиков	
586	586	160	Говорящий свёрток	
587	587	161	Приключения Чиполлино	
588	588	161	Джельсомино в Стране Лжецов	
589	589	161	Чем пахнут ремёсла	
590	590	162	Последний в мире дракон	
591	591	163	Хоббит, или Туда и обратно	
592	592	165	Сочинения Александра Пушкина	
593	593	165	Стихотворения М. Лермонтова	
594	594	165	Герой нашего времени. Сочинение М.Ю.Лермонтова	/wiki/%D0%93%D0%B5%D1%80%D0%BE%D0%B9_%D0%BD%D0%B0%D1%88%D0%B5%D0%B3%D0%BE_%D0%B2%D1%80%D0%B5%D0%BC%D0%B5%D0%BD%D0%B8._%D0%A1%D0%BE%D1%87%D0%B8%D0%BD%D0%B5%D0%BD%D0%B8%D0%B5_%D0%9C.%D0%AE.%D0%9B%D0%B5%D1%80%D0%BC%D0%BE%D0%BD%D1%82%D0%BE%D0%B2%D0%B0
595	595	166	Луч света в тёмном царстве	
596	596	166	Что такое обломовщина?	
597	597	167	Обломов	/wiki/%D0%A0%D0%BE%D0%BC%D0%B0%D0%BD_%D0%98._%D0%90._%D0%93%D0%BE%D0%BD%D1%87%D0%B0%D1%80%D0%BE%D0%B2%D0%B0_%C2%AB%D0%9E%D0%B1%D0%BB%D0%BE%D0%BC%D0%BE%D0%B2%C2%BB_(%D0%9F%D0%B8%D1%81%D0%B0%D1%80%D0%B5%D0%B2)
598	598	167	Базаров	/wiki/%D0%91%D0%B0%D0%B7%D0%B0%D1%80%D0%BE%D0%B2
599	599	168	После „Грозы“ Островского	
600	600	168	Письма к Ивану Сергеевичу Тургеневу	
601	601	169	Обломов, роман И. А. Гончарова	
602	602	170	Отцы и дети И. С. Тургенева	
603	603	171	Асмодей нашего времени	/wiki/%D0%90%D1%81%D0%BC%D0%BE%D0%B4%D0%B5%D0%B9_%D0%BD%D0%B0%D1%88%D0%B5%D0%B3%D0%BE_%D0%B2%D1%80%D0%B5%D0%BC%D0%B5%D0%BD%D0%B8_(%D0%90%D0%BD%D1%82%D0%BE%D0%BD%D0%BE%D0%B2%D0%B8%D1%87)
604	604	171	Список стихотворений в дореволюционной гимназии	/wiki/%D0%A1%D1%82%D1%80%D0%B0%D0%BD%D0%B8%D1%86%D0%B0:%D0%A1%D0%B2%D0%BE%D0%B4_%D0%BF%D0%BE%D1%81%D1%82%D0%B0%D0%BD%D0%BE%D0%B2%D0%BB%D0%B5%D0%BD%D0%B8%D0%B9_%D0%B8_%D1%80%D0%B0%D1%81%D0%BF%D0%BE%D1%80%D1%8F%D0%B6%D0%B5%D0%BD%D0%B8%D0%B9_%D0%BF%D0%BE_%D0%B3%D0%B8%D0%BC%D0%BD%D0%B0%D0%B7%D0%B8%D1%8F%D0%BC.djvu/296
605	605	171	Проект Золотой фонд российской литературы	/wiki/%D0%92%D0%B8%D0%BA%D0%B8%D1%82%D0%B5%D0%BA%D0%B0:%D0%9F%D1%80%D0%BE%D0%B5%D0%BA%D1%82:%D0%97%D0%A4%D0%A0%D0%9B
606	606	171	Стандарт основного общего образования по литературе	
607	607	171	Стандарт основного общего образования по литературе	
608	608	171	Базовый уровень	
609	609	171	Базовый уровень	
610	610	171	Профильный уровень	
